qseqid,sseqid,pident,length,mismatch,gapopen,qstart,qend,sstart,send,evalue,bitscore,coverage,db,acc,entry
NKPKGGBA_00014,sp|A3DIJ8|3PASE_ACET2,94.737,95,5,0,1,95,1,95,1.3200000000000001e-58,179.0,100.0,sp,A3DIJ8,3PASE_ACET2
NKPKGGBA_00025,sp|A3DIK9|COAX_ACET2,100.0,255,0,0,1,255,1,255,0.0,509.0,92.72727272727272,sp,A3DIK9,COAX_ACET2
NKPKGGBA_00030,sp|A3DIL4|RF1_ACET2,100.0,360,0,0,1,360,1,360,0.0,741.0,100.0,sp,A3DIL4,RF1_ACET2
NKPKGGBA_00032,sp|Q9UYB2|SUA5_PYRAB,54.277,339,147,3,11,349,9,339,3.13e-121,355.0,90.64171122994652,sp,Q9UYB2,SUA5_PYRAB
NKPKGGBA_00034,sp|P37351|RPIB_ECOLI,57.931,145,61,0,2,146,3,147,3.25e-53,168.0,96.02649006622516,sp,P37351,RPIB_ECOLI
NKPKGGBA_00035,sp|A3DIL9|UPP_ACET2,99.522,209,1,0,1,209,1,209,6.28e-152,422.0,94.57013574660633,sp,A3DIL9,UPP_ACET2
NKPKGGBA_00038,sp|Q9X0C4|Y1034_THEMA,63.492,378,135,3,4,380,2,377,7.36e-175,494.0,98.4375,sp,Q9X0C4,Y1034_THEMA
NKPKGGBA_00040,sp|A0Q2Z9|ATPL_CLONN,54.286,70,32,0,2,71,9,78,2.06e-18,74.7,98.59154929577466,sp,A0Q2Z9,ATPL_CLONN
NKPKGGBA_00041,sp|A3DIM5|ATPF_ACET2,100.0,181,0,0,1,181,1,181,7.02e-124,349.0,100.0,sp,A3DIM5,ATPF_ACET2
NKPKGGBA_00042,sp|A3DIM6|ATPD_ACET2,100.0,178,0,0,11,188,1,178,4.03e-123,347.0,90.35532994923858,sp,A3DIM6,ATPD_ACET2
NKPKGGBA_00043,sp|A3DIM7|ATPA_ACET2,99.209,506,4,0,1,506,1,506,0.0,1025.0,95.83333333333334,sp,A3DIM7,ATPA_ACET2
NKPKGGBA_00044,sp|A3DIM8|ATPG_ACET2,100.0,295,0,0,1,295,1,295,0.0,605.0,89.9390243902439,sp,A3DIM8,ATPG_ACET2
NKPKGGBA_00045,sp|A3DIM9|ATPB_ACET2,100.0,464,0,0,1,464,1,464,0.0,937.0,97.07112970711297,sp,A3DIM9,ATPB_ACET2
NKPKGGBA_00046,sp|A3DIN0|ATPE_ACET2,100.0,135,0,0,1,135,1,135,4.39e-96,275.0,95.74468085106383,sp,A3DIN0,ATPE_ACET2
NKPKGGBA_00052,sp|Q5WB82|MURA1_SHOC1,62.175,423,157,2,1,422,1,421,0.0,536.0,96.13636363636363,sp,Q5WB82,MURA1_SHOC1
NKPKGGBA_00055,sp|P15281|SP3D_BACSU,60.0,80,32,0,1,80,1,80,3.45e-29,102.0,100.0,sp,P15281,SP3D_BACSU
NKPKGGBA_00056,sp|Q01465|MREB_BACSU,58.485,330,136,1,1,329,1,330,1.19e-138,399.0,86.8421052631579,sp,Q01465,MREB_BACSU
NKPKGGBA_00058,sp|O51715|FLGG_BORBU,50.549,273,119,8,1,266,1,264,9.15e-74,229.0,96.12676056338029,sp,O51715,FLGG_BORBU
NKPKGGBA_00062,sp|A3DIP5|FABZ_ACET2,100.0,146,0,0,1,146,1,146,1.3e-102,292.0,97.33333333333334,sp,A3DIP5,FABZ_ACET2
NKPKGGBA_00063,sp|A3DIP6|MURC_ACET2,100.0,469,0,0,1,469,1,469,0.0,962.0,90.36608863198458,sp,A3DIP6,MURC_ACET2
NKPKGGBA_00065,sp|A3DIP8|SP5G_ACET2,100.0,94,0,0,1,94,1,94,4.04e-65,194.0,100.0,sp,A3DIP8,SP5G_ACET2
NKPKGGBA_00066,sp|A3DIP9|GLMU_ACET2,100.0,461,0,0,1,461,1,461,0.0,924.0,97.46300211416491,sp,A3DIP9,GLMU_ACET2
NKPKGGBA_00067,sp|Q8XHJ4|KPRS_CLOPE,69.401,317,96,1,1,316,1,317,2.01e-158,448.0,89.80169971671388,sp,Q8XHJ4,KPRS_CLOPE
NKPKGGBA_00068,sp|Q181A2|PTH_CLOD6,57.297,185,79,0,4,188,1,185,6.45e-81,241.0,92.5,sp,Q181A2,PTH_CLOD6
NKPKGGBA_00079,sp|Q0P8T1|NEUBH_CAMJE,59.091,330,132,2,2,328,3,332,8.57e-137,394.0,91.92200557103064,sp,Q0P8T1,NEUBH_CAMJE
NKPKGGBA_00093,sp|P37554|SPOVT_BACSU,60.109,183,68,3,1,183,1,178,3.31e-70,213.0,100.0,sp,P37554,SPOVT_BACSU
NKPKGGBA_00095,sp|P05385|DBH_CLOPA,72.527,91,25,0,1,91,1,91,6.2699999999999996e-40,130.0,91.91919191919192,sp,P05385,DBH_CLOPA
NKPKGGBA_00096,sp|Q9KGI8|RQCP_HALH5,58.228,79,33,0,1,79,1,79,9.3e-26,93.6,100.0,sp,Q9KGI8,RQCP_HALH5
NKPKGGBA_00100,sp|P37560|YABR_BACSU,52.308,130,50,2,1,129,1,119,5.85e-38,128.0,100.0,sp,P37560,YABR_BACSU
NKPKGGBA_00146,sp|A0PY95|ALR_CLONN,53.684,380,175,1,11,390,9,387,4.36e-152,437.0,80.85106382978722,sp,A0PY95,ALR_CLONN
NKPKGGBA_00148,sp|P96622|ENDOA_BACSU,69.828,116,35,0,1,116,1,116,4.35e-61,185.0,99.14529914529915,sp,P96622,ENDOA_BACSU
NKPKGGBA_00153,sp|Q58094|TKTN_METJA,57.836,268,109,3,6,271,7,272,1.76e-96,287.0,82.97213622291022,sp,Q58094,TKTN_METJA
NKPKGGBA_00154,sp|Q58092|TKTC_METJA,51.613,310,139,6,8,311,12,316,1.63e-101,303.0,96.27329192546584,sp,Q58092,TKTC_METJA
NKPKGGBA_00162,sp|A3DIY3|ILVD_ACET2,99.819,554,1,0,1,554,1,554,0.0,1118.0,90.08130081300813,sp,A3DIY3,ILVD_ACET2
NKPKGGBA_00163,sp|P37251|ILVB_BACSU,50.719,556,266,5,3,553,18,570,0.0,546.0,91.90082644628099,sp,P37251,ILVB_BACSU
NKPKGGBA_00166,sp|Q9KGE7|NUSG_HALH5,58.757,177,65,3,9,177,2,178,2.2500000000000001e-66,203.0,90.76923076923077,sp,Q9KGE7,NUSG_HALH5
NKPKGGBA_00167,sp|A3DIZ0|RL11_ACET2,100.0,141,0,0,1,141,1,141,2.75e-99,283.0,95.91836734693877,sp,A3DIZ0,RL11_ACET2
NKPKGGBA_00168,sp|A3DIZ1|RL1_ACET2,100.0,231,0,0,1,231,1,231,5.88e-169,467.0,99.14163090128756,sp,A3DIZ1,RL1_ACET2
NKPKGGBA_00169,sp|B0KCJ0|RL10_THEP3,51.163,172,83,1,8,178,6,177,3.99e-55,175.0,91.005291005291,sp,B0KCJ0,RL10_THEP3
NKPKGGBA_00170,sp|B3EER1|RL7_CHLL2,64.516,124,43,1,6,129,3,125,1.12e-43,142.0,90.51094890510949,sp,B3EER1,RL7_CHLL2
NKPKGGBA_00171,sp|A3DIZ4|RPOB_ACET2,99.92,1250,1,0,1,1250,1,1250,0.0,2522.0,98.58044164037855,sp,A3DIZ4,RPOB_ACET2
NKPKGGBA_00172,sp|A3DIZ5|RPOC_ACET2,99.914,1165,1,0,1,1165,1,1165,0.0,2373.0,91.66011014948859,sp,A3DIZ5,RPOC_ACET2
NKPKGGBA_00173,sp|Q8R7U8|RXL7_CALS4,60.294,68,27,0,9,76,8,75,2.62e-22,84.7,80.0,sp,Q8R7U8,RXL7_CALS4
NKPKGGBA_00174,sp|A3DIZ7|RS12_ACET2,100.0,142,0,0,1,142,1,142,3.16e-100,286.0,99.3006993006993,sp,A3DIZ7,RS12_ACET2
NKPKGGBA_00175,sp|A3DIZ8|RS7_ACET2,100.0,156,0,0,1,156,1,156,2.2399999999999998e-113,320.0,98.11320754716981,sp,A3DIZ8,RS7_ACET2
NKPKGGBA_00176,sp|A3DIZ9|EFG_ACET2,99.713,697,2,0,1,697,1,697,0.0,1435.0,97.89325842696628,sp,A3DIZ9,EFG_ACET2
NKPKGGBA_00177,sp|A3DJ00|EFTU_ACET2,99.75,400,1,0,1,400,1,400,0.0,816.0,97.0873786407767,sp,A3DJ00,EFTU_ACET2
NKPKGGBA_00184,sp|A3DJ07|UVRC_ACET2,100.0,625,0,0,1,625,1,625,0.0,1276.0,89.54154727793696,sp,A3DJ07,UVRC_ACET2
NKPKGGBA_00186,sp|A3DJ09|TIG_ACET2,100.0,428,0,0,1,428,1,428,0.0,843.0,95.32293986636972,sp,A3DJ09,TIG_ACET2
NKPKGGBA_00187,sp|A3DJ10|CLPP_ACET2,100.0,194,0,0,1,194,1,194,1.0199999999999999e-142,398.0,97.97979797979798,sp,A3DJ10,CLPP_ACET2
NKPKGGBA_00188,sp|A3DJ11|CLPX_ACET2,100.0,431,0,0,1,431,1,431,0.0,867.0,95.77777777777777,sp,A3DJ11,CLPX_ACET2
NKPKGGBA_00189,sp|P42425|LON2_BACSU,59.165,551,220,4,3,550,4,552,0.0,665.0,95.99303135888502,sp,P42425,LON2_BACSU
NKPKGGBA_00190,sp|A3DJ13|TSAD_ACET2,100.0,339,0,0,1,339,1,339,0.0,685.0,89.21052631578948,sp,A3DJ13,TSAD_ACET2
NKPKGGBA_00191,sp|O31608|CWLQ_BACSU,60.0,120,48,0,103,222,60,179,1.57e-47,157.0,80.0,sp,O31608,CWLQ_BACSU
NKPKGGBA_00195,sp|A3DJ18|SSRP_ACET2,100.0,154,0,0,1,154,1,154,6.28e-109,309.0,96.25,sp,A3DJ18,SSRP_ACET2
NKPKGGBA_00206,sp|P96662|YDEE_BACSU,68.276,290,92,0,1,290,1,290,1.53e-148,421.0,100.0,sp,P96662,YDEE_BACSU
NKPKGGBA_00228,sp|Q06848|ANCA_ACET2,56.818,44,19,0,193,236,350,393,2.34e-07,54.7,100.0,sp,Q06848,ANCA_ACET2
NKPKGGBA_00234,sp|Q57897|Y455_METJA,54.106,207,79,6,8,214,1,191,9.66e-56,179.0,100.0,sp,Q57897,Y455_METJA
NKPKGGBA_00242,sp|P56810|PORA_METTH,50.139,361,175,3,7,367,6,361,3.8100000000000006e-123,364.0,89.13580246913581,sp,P56810,PORA_METTH
NKPKGGBA_00245,sp|O58584|Y854_PYRHO,64.228,123,44,0,4,126,3,125,4.18e-53,166.0,94.61538461538461,sp,O58584,Y854_PYRHO
NKPKGGBA_00246,sp|O05394|MCCB_BACSU,51.743,373,180,0,14,386,5,377,8.6e-146,421.0,87.55868544600939,sp,O05394,MCCB_BACSU
NKPKGGBA_00251,sp|Q57855|Y412_METJA,51.046,239,117,0,3,241,17,255,1.86e-91,273.0,88.19188191881919,sp,Q57855,Y412_METJA
NKPKGGBA_00253,sp|P23340|GUNC_CLOSF,100.0,343,0,0,1,343,1,343,0.0,712.0,100.0,sp,P23340,GUNC_CLOSF
NKPKGGBA_00270,sp|Q05332|GUNG_ACET2,99.823,566,1,0,1,566,1,566,0.0,1161.0,95.6081081081081,sp,Q05332,GUNG_ACET2
NKPKGGBA_00272,sp|A3DJE3|PCKG_ACET2,100.0,605,0,0,1,605,1,605,0.0,1249.0,97.89644012944983,sp,A3DJE3,PCKG_ACET2
NKPKGGBA_00274,sp|P56255|PCRA_GEOSE,50.672,744,334,5,3,740,8,724,0.0,708.0,95.14066496163683,sp,P56255,PCRA_GEOSE
NKPKGGBA_00277,sp|P10478|XYNZ_ACET2,56.061,66,29,0,36,101,428,493,1.77e-13,77.0,80.48780487804879,sp,P10478,XYNZ_ACET2
NKPKGGBA_00278,sp|A3DJE9|HISZ_ACET2,100.0,418,0,0,1,418,1,418,0.0,846.0,92.07048458149781,sp,A3DJE9,HISZ_ACET2
NKPKGGBA_00279,sp|A3DJF0|HIS1_ACET2,100.0,213,0,0,1,213,1,213,3.54e-153,426.0,91.41630901287554,sp,A3DJF0,HIS1_ACET2
NKPKGGBA_00280,sp|Q8R882|HISX_CALS4,59.861,431,171,2,1,431,1,429,0.0,546.0,94.72527472527472,sp,Q8R882,HISX_CALS4
NKPKGGBA_00281,sp|B8I5V1|HIS8_RUMCH,50.7,357,176,0,1,357,1,357,3.81e-136,394.0,92.0103092783505,sp,B8I5V1,HIS8_RUMCH
NKPKGGBA_00282,sp|A3DJF3|HIS7_ACET2,100.0,195,0,0,1,195,1,195,2.36e-141,394.0,92.85714285714286,sp,A3DJF3,HIS7_ACET2
NKPKGGBA_00283,sp|B9M5S1|PUR7_GEODF,57.732,291,122,1,2,291,4,294,3.04e-122,354.0,82.90598290598291,sp,B9M5S1,PUR7_GEODF
NKPKGGBA_00284,sp|Q8R883|HIS5_CALS4,56.158,203,86,2,1,203,1,200,7.59e-74,224.0,88.26086956521739,sp,Q8R883,HIS5_CALS4
NKPKGGBA_00285,sp|A3DJF6|HIS4_ACET2,100.0,237,0,0,1,237,1,237,5.8e-172,475.0,95.18072289156626,sp,A3DJF6,HIS4_ACET2
NKPKGGBA_00286,sp|A3DJF7|HIS6_ACET2,100.0,253,0,0,1,253,1,253,0.0,510.0,91.00719424460432,sp,A3DJF7,HIS6_ACET2
NKPKGGBA_00287,sp|Q9RPQ3|HIS2_THEP3,97.674,215,5,0,1,215,1,215,8.149999999999999e-153,425.0,93.47826086956522,sp,Q9RPQ3,HIS2_THEP3
NKPKGGBA_00289,sp|P48223|CH10_ACET2,100.0,94,0,0,1,94,1,94,1.55e-60,182.0,97.91666666666666,sp,P48223,CH10_ACET2
NKPKGGBA_00290,sp|P48212|CH60_ACET2,100.0,541,0,0,1,541,1,541,0.0,1058.0,98.36363636363636,sp,P48212,CH60_ACET2
NKPKGGBA_00295,sp|A3DJG6|GREA_ACET2,100.0,159,0,0,1,159,1,159,4.25e-110,312.0,99.375,sp,A3DJG6,GREA_ACET2
NKPKGGBA_00300,sp|P15329|GUNX_ACETH,99.296,142,1,0,1,142,83,224,1.18e-97,283.0,88.19875776397515,sp,P15329,GUNX_ACETH
NKPKGGBA_00301,sp|P10477|CELE_ACET2,99.877,814,1,0,1,814,1,814,0.0,1680.0,100.0,sp,P10477,CELE_ACET2
NKPKGGBA_00303,sp|P94479|YNBB_BACSU,54.95,404,181,1,26,428,18,421,1.9099999999999999e-165,474.0,100.0,sp,P94479,YNBB_BACSU
NKPKGGBA_00305,sp|O66631|PLPHP_AQUAE,51.351,222,106,1,12,233,7,226,1.28e-68,213.0,88.8,sp,O66631,PLPHP_AQUAE
NKPKGGBA_00306,sp|A3DDJ7|SEPF_ACET2,100.0,155,0,0,1,155,1,155,1.6800000000000002e-110,313.0,89.08045977011494,sp,A3DDJ7,SEPF_ACET2
NKPKGGBA_00310,sp|B0K2W1|SYI_THEPX,65.584,924,316,2,4,927,2,923,0.0,1290.0,92.49249249249249,sp,B0K2W1,SYI_THEPX
NKPKGGBA_00311,sp|A3DDJ2|AROB_ACET2,99.722,360,1,0,1,360,1,360,0.0,732.0,94.73684210526315,sp,A3DDJ2,AROB_ACET2
NKPKGGBA_00314,sp|A3DDI9|MIAB_ACET2,100.0,480,0,0,1,480,1,480,0.0,996.0,97.75967413441956,sp,A3DDI9,MIAB_ACET2
NKPKGGBA_00321,sp|A3DDI3|MUTS_ACET2,100.0,870,0,0,1,870,1,870,0.0,1783.0,91.09947643979058,sp,A3DDI3,MUTS_ACET2
NKPKGGBA_00323,sp|A3DDI1|MIAA_ACET2,99.681,313,1,0,1,313,1,313,0.0,630.0,96.60493827160494,sp,A3DDI1,MIAA_ACET2
NKPKGGBA_00324,sp|B8I2Q2|HFQ_RUMCH,79.487,78,16,0,4,81,3,80,8.139999999999999e-42,134.0,95.1219512195122,sp,B8I2Q2,HFQ_RUMCH
NKPKGGBA_00325,sp|A3DDH9|LEXA_ACET2,100.0,213,0,0,1,213,1,213,9.18e-155,430.0,84.86055776892431,sp,A3DDH9,LEXA_ACET2
NKPKGGBA_00327,sp|A3DDH7|Y771_ACET2,100.0,117,0,0,1,117,1,117,5.16e-79,230.0,100.0,sp,A3DDH7,Y771_ACET2
NKPKGGBA_00328,sp|P37105|SRP54_BACSU,67.857,448,139,3,1,446,1,445,0.0,598.0,95.52238805970148,sp,P37105,SRP54_BACSU
NKPKGGBA_00329,sp|A3DDH5|RS16_ACET2,100.0,81,0,0,1,81,1,81,2.3099999999999997e-54,165.0,95.29411764705881,sp,A3DDH5,RS16_ACET2
NKPKGGBA_00330,sp|Q97I96|KHPA_CLOAB,78.667,75,16,0,1,75,1,75,5.54e-36,119.0,98.68421052631578,sp,Q97I96,KHPA_CLOAB
NKPKGGBA_00331,sp|A3DDH3|RIMM_ACET2,100.0,174,0,0,1,174,1,174,3.73e-124,349.0,83.25358851674642,sp,A3DDH3,RIMM_ACET2
NKPKGGBA_00332,sp|B8I7T5|TRMD_RUMCH,71.366,227,65,0,2,228,1,227,1.25e-109,318.0,85.66037735849056,sp,B8I7T5,TRMD_RUMCH
NKPKGGBA_00333,sp|A3DDH1|RL19_ACET2,99.123,114,1,0,1,114,1,114,1.14e-75,222.0,95.0,sp,A3DDH1,RL19_ACET2
NKPKGGBA_00335,sp|D5DJL5|RBGA_PRIM3,51.557,289,138,2,1,288,1,288,1.4e-103,306.0,90.3125,sp,D5DJL5,RBGA_PRIM3
NKPKGGBA_00337,sp|A3DDG7|RNH2_ACET2,100.0,256,0,0,6,261,1,256,0.0,512.0,95.52238805970148,sp,A3DDG7,RNH2_ACET2
NKPKGGBA_00340,sp|A3DDG4|Y758_ACET2,100.0,130,0,0,1,130,1,130,1.3799999999999999e-89,258.0,96.29629629629629,sp,A3DDG4,Y758_ACET2
NKPKGGBA_00343,sp|P23034|AAT_BACY2,51.786,392,185,1,2,393,4,391,6.08e-150,432.0,90.11494252873563,sp,P23034,AAT_BACY2
NKPKGGBA_00348,sp|A3DDF6|POTA_ACET2,100.0,352,0,0,1,352,1,352,0.0,719.0,95.65217391304348,sp,A3DDF6,POTA_ACET2
NKPKGGBA_00353,sp|P26224|GUNF_ACET2,58.999,739,288,6,1,727,1,736,0.0,877.0,100.0,sp,P26224,GUNF_ACET2
NKPKGGBA_00357,sp|P54822|PUR8_MOUSE,59.259,459,187,0,4,462,12,470,0.0,583.0,95.42619542619542,sp,P54822,PUR8_MOUSE
NKPKGGBA_00360,sp|O32221|COPZ_BACSU,52.381,63,30,0,7,69,5,67,3.18e-17,71.2,90.0,sp,O32221,COPZ_BACSU
NKPKGGBA_00368,sp|A3DDD8|AROC_ACET2,100.0,394,0,0,1,394,1,394,0.0,802.0,92.48826291079813,sp,A3DDD8,AROC_ACET2
NKPKGGBA_00372,sp|Q8RA66|XERC_CALS4,62.783,309,115,0,10,318,43,351,4.77e-140,403.0,85.12396694214877,sp,Q8RA66,XERC_CALS4
NKPKGGBA_00374,sp|Q97K30|APEA_CLOAB,54.626,454,205,1,21,474,11,463,0.0,529.0,92.27642276422763,sp,Q97K30,APEA_CLOAB
NKPKGGBA_00377,sp|A3DDC9|SYY_ACET2,100.0,408,0,0,1,408,1,408,0.0,841.0,88.50325379609545,sp,A3DDC9,SYY_ACET2
NKPKGGBA_00378,sp|A3DDC8|MNMA_ACET2,100.0,359,0,0,1,359,1,359,0.0,736.0,93.00518134715026,sp,A3DDC8,MNMA_ACET2
NKPKGGBA_00379,sp|P0DMG2|ISCU2_ARCFU,71.311,122,35,0,2,123,1,122,3.5400000000000004e-58,181.0,87.14285714285714,sp,P0DMG2,ISCU2_ARCFU
NKPKGGBA_00380,sp|A5I4Z9|ISCS_CLOBH,65.116,387,133,1,4,388,2,388,0.0,535.0,92.14285714285714,sp,A5I4Z9,ISCS_CLOBH
NKPKGGBA_00381,sp|O34527|CYMR_BACSU,51.515,132,55,2,1,132,1,123,1.71e-39,132.0,90.41095890410958,sp,O34527,CYMR_BACSU
NKPKGGBA_00384,sp|Q9KCB8|CHER_HALH5,52.734,256,121,0,1,256,1,256,1.85e-93,278.0,96.2406015037594,sp,Q9KCB8,CHER_HALH5
NKPKGGBA_00385,sp|A3DDC2|NDK_ACET2,100.0,136,0,0,1,136,1,136,3.46e-98,280.0,96.45390070921985,sp,A3DDC2,NDK_ACET2
NKPKGGBA_00386,sp|A3DDC1|SPEH_ACET2,100.0,124,0,0,1,124,1,124,3.92e-89,256.0,98.4126984126984,sp,A3DDC1,SPEH_ACET2
NKPKGGBA_00389,sp|Q81FS2|KCY_BACCR,55.14,214,95,1,6,219,4,216,5.84e-76,231.0,92.64069264069265,sp,Q81FS2,KCY_BACCR
NKPKGGBA_00400,sp|Q58628|PYCB_METJA,64.027,442,154,3,4,442,2,441,0.0,579.0,94.64668094218416,sp,Q58628,PYCB_METJA
NKPKGGBA_00403,sp|Q57079|MMDA_VEIPA,64.844,512,172,1,5,516,6,509,0.0,701.0,97.52380952380952,sp,Q57079,MMDA_VEIPA
NKPKGGBA_00405,sp|Q2FXG9|MNMM_STAA8,50.0,178,81,3,15,188,14,187,1.51e-50,164.0,95.18716577540107,sp,Q2FXG9,MNMM_STAA8
NKPKGGBA_00406,sp|Q81JT1|SPEB_BACAN,51.087,276,131,3,14,286,12,286,6.11e-101,300.0,83.13253012048193,sp,Q81JT1,SPEB_BACAN
NKPKGGBA_00407,sp|A3DDA0|SPEE_ACET2,99.636,275,1,0,1,275,1,275,0.0,560.0,95.81881533101046,sp,A3DDA0,SPEE_ACET2
NKPKGGBA_00408,sp|P35159|RLUB_BACSU,51.092,229,109,2,5,231,3,230,6.34e-72,222.0,90.15748031496062,sp,P35159,RLUB_BACSU
NKPKGGBA_00409,sp|O34806|YTFJ_BACSU,54.015,137,57,2,1,136,1,132,1.39e-39,134.0,100.0,sp,O34806,YTFJ_BACSU
NKPKGGBA_00412,sp|A3DD94|SCPB_ACET2,100.0,198,0,0,1,198,1,198,4.06e-144,402.0,99.49748743718592,sp,A3DD94,SCPB_ACET2
NKPKGGBA_00414,sp|Q9WYW2|SYW_THEMA,58.282,326,133,2,6,328,3,328,6.64e-133,384.0,82.74111675126903,sp,Q9WYW2,SYW_THEMA
NKPKGGBA_00417,sp|P41023|DCDA_BACMT,53.791,422,194,1,1,422,1,421,4.33e-158,456.0,94.61883408071749,sp,P41023,DCDA_BACMT
NKPKGGBA_00419,sp|P50097|IMDH_TRIFO,65.996,497,166,2,1,495,1,496,0.0,657.0,96.13152804642166,sp,P50097,IMDH_TRIFO
NKPKGGBA_00422,sp|P77836|PDP_GEOSE,57.729,414,174,1,1,413,1,414,2.8800000000000003e-173,494.0,92.82511210762333,sp,P77836,PDP_GEOSE
NKPKGGBA_00423,sp|A3DD83|DEOB_ACET2,100.0,388,0,0,1,388,1,388,0.0,789.0,93.26923076923077,sp,A3DD83,DEOB_ACET2
NKPKGGBA_00424,sp|Q9KCP0|XERD_HALH5,50.865,289,140,2,8,294,11,299,2.09e-106,314.0,83.28530259365994,sp,Q9KCP0,XERD_HALH5
NKPKGGBA_00427,sp|A3DD79|RNH_ACET2,100.0,147,0,0,1,147,1,147,1.22e-105,300.0,93.0379746835443,sp,A3DD79,RNH_ACET2
NKPKGGBA_00441,sp|A3DD66|ENG1_ACET2,99.741,773,2,0,43,815,1,773,0.0,1603.0,98.34605597964376,sp,A3DD66,ENG1_ACET2
NKPKGGBA_00456,sp|A3DD54|SYE_ACET2,100.0,546,0,0,1,546,1,546,0.0,1133.0,95.6217162872154,sp,A3DD54,SYE_ACET2
NKPKGGBA_00484,sp|A1RXU2|MTAP_THEPD,52.918,257,113,3,4,258,3,253,3.41e-94,281.0,94.13919413919413,sp,A1RXU2,MTAP_THEPD
NKPKGGBA_00485,sp|A3DD27|MTNA_ACET2,100.0,342,0,0,1,342,1,342,0.0,700.0,85.71428571428571,sp,A3DD27,MTNA_ACET2
NKPKGGBA_00492,sp|Q9L9C1|PAAK_AROEV,52.582,426,196,4,9,431,15,437,3.68e-154,446.0,96.16252821670429,sp,Q9L9C1,PAAK_AROEV
NKPKGGBA_00497,sp|Q97ES6|HIS8_CLOAB,62.678,351,131,0,1,351,1,351,1.4200000000000002e-160,456.0,89.769820971867,sp,Q97ES6,HIS8_CLOAB
NKPKGGBA_00498,sp|P55742|AMP_ACETH,100.0,325,0,0,1,325,6,330,0.0,654.0,93.65994236311239,sp,P55742,AMP_ACETH
NKPKGGBA_00505,sp|A5N937|THIC_CLOK5,78.422,431,93,0,2,432,3,433,0.0,702.0,91.3135593220339,sp,A5N937,THIC_CLOK5
NKPKGGBA_00509,sp|A3DD04|THIG_ACET2,100.0,255,0,0,1,255,1,255,0.0,505.0,95.86466165413535,sp,A3DD04,THIG_ACET2
NKPKGGBA_00511,sp|B8I8N7|ENGB_RUMCH,56.383,188,80,1,9,194,3,190,1.84e-75,228.0,87.03703703703704,sp,B8I8N7,ENGB_RUMCH
NKPKGGBA_00529,sp|Q8Q0F9|Y177_METMA,65.089,169,59,0,1,169,18,186,1.88e-78,234.0,91.35135135135135,sp,Q8Q0F9,Y177_METMA
NKPKGGBA_00532,sp|P02964|RPSH_BACLI,74.747,198,50,0,13,210,20,217,4.19e-107,310.0,100.0,sp,P02964,RPSH_BACLI
NKPKGGBA_00534,sp|Q06753|YACO_BACSU,53.112,241,112,1,36,276,6,245,6.12e-93,277.0,83.68055555555556,sp,Q06753,YACO_BACSU
NKPKGGBA_00535,sp|B0K5F7|MRNC_THEPX,58.824,119,49,0,20,138,20,138,2.1699999999999998e-45,147.0,93.7007874015748,sp,B0K5F7,MRNC_THEPX
NKPKGGBA_00539,sp|A3DH43|SYC_ACET2,100.0,468,0,0,1,468,1,468,0.0,965.0,87.8048780487805,sp,A3DH43,SYC_ACET2
NKPKGGBA_00540,sp|A8F961|CYSE_BACP2,52.752,218,101,1,1,218,2,217,1.1700000000000001e-79,241.0,90.45643153526972,sp,A8F961,CYSE_BACP2
NKPKGGBA_00549,sp|O32087|YUZA_BACSU,52.308,65,30,1,4,67,2,66,2.36e-16,69.3,100.0,sp,O32087,YUZA_BACSU
NKPKGGBA_00551,sp|A3DH53|Y2075_ACET2,100.0,242,0,0,1,242,1,242,5.15e-180,496.0,96.03174603174604,sp,A3DH53,Y2075_ACET2
NKPKGGBA_00557,sp|Q8RAS5|HFLX_CALS4,52.239,402,179,2,161,562,24,412,2.1699999999999998e-119,363.0,92.20183486238533,sp,Q8RAS5,HFLX_CALS4
NKPKGGBA_00559,sp|A3DH61|DPO4_ACET2,100.0,399,0,0,1,399,1,399,0.0,822.0,86.55097613882863,sp,A3DH61,DPO4_ACET2
NKPKGGBA_00564,sp|P0C2S5|GUNS_ACETH,99.46,741,4,0,4,744,1,741,0.0,1526.0,100.0,sp,P0C2S5,GUNS_ACETH
NKPKGGBA_00567,sp|Q181C1|RSMA_CLOD6,55.797,276,116,3,5,277,10,282,7.44e-99,294.0,91.0891089108911,sp,Q181C1,RSMA_CLOD6
NKPKGGBA_00570,sp|P37545|YABD_BACSU,51.575,254,123,0,1,254,1,254,7.269999999999999e-95,281.0,92.7007299270073,sp,P37545,YABD_BACSU
NKPKGGBA_00571,sp|Q8RDD1|SYM_CALS4,68.712,652,189,4,3,654,2,638,0.0,926.0,82.21941992433796,sp,Q8RDD1,SYM_CALS4
NKPKGGBA_00573,sp|P35158|SPMB_BACSU,50.0,176,88,0,1,176,1,176,7.22e-52,166.0,100.0,sp,P35158,SPMB_BACSU
NKPKGGBA_00576,sp|P08874|ABRB_BACSU,75.806,62,13,1,1,60,3,64,6.32e-24,89.4,100.0,sp,P08874,ABRB_BACSU
NKPKGGBA_00577,sp|Q9KGL2|RSMI_HALH5,52.899,276,128,1,2,277,11,284,2.65e-99,295.0,95.83333333333334,sp,Q9KGL2,RSMI_HALH5
NKPKGGBA_00579,sp|P07508|FER_ACETH,98.182,55,1,0,2,56,1,55,1.25e-30,103.0,91.66666666666666,sp,P07508,FER_ACETH
NKPKGGBA_00580,sp|P37541|YAAT_BACSU,61.446,249,96,0,1,249,1,249,4.93e-111,325.0,100.0,sp,P37541,YAAT_BACSU
NKPKGGBA_00587,sp|Q9K619|BCEA_HALH5,50.0,248,122,1,4,251,3,248,6.45e-84,254.0,92.88389513108615,sp,Q9K619,BCEA_HALH5
NKPKGGBA_00591,sp|Q46213|Y1503_CLOPE,70.526,95,28,0,1,95,1,95,7.760000000000001e-43,137.0,100.0,sp,Q46213,Y1503_CLOPE
NKPKGGBA_00595,sp|A3DH97|RSGI6_ACET2,100.0,760,0,0,1,760,1,760,0.0,1565.0,100.0,sp,A3DH97,RSGI6_ACET2
NKPKGGBA_00596,sp|A3DH98|SIGI6_ACET2,100.0,253,0,0,1,253,1,253,0.0,508.0,100.0,sp,A3DH98,SIGI6_ACET2
NKPKGGBA_00612,sp|Q82P90|IABF_STRAW,63.492,315,115,0,171,485,31,345,1.6e-148,439.0,86.0655737704918,sp,Q82P90,IABF_STRAW
NKPKGGBA_00617,sp|A3DHB7|RECR_ACET2,100.0,199,0,0,1,199,1,199,5.27e-146,406.0,80.5668016194332,sp,A3DHB7,RECR_ACET2
NKPKGGBA_00618,sp|A3DHB8|Y2143_ACET2,100.0,113,0,0,1,113,1,113,5.56e-76,223.0,97.41379310344827,sp,A3DHB8,Y2143_ACET2
NKPKGGBA_00632,sp|A3DHD2|CBDP_ACET2,99.301,286,2,0,1,286,1,286,0.0,558.0,100.0,sp,A3DHD2,CBDP_ACET2
NKPKGGBA_00640,sp|P23474|RUBR_ACESD,75.0,52,13,0,1,52,1,52,5.09e-25,89.7,100.0,sp,P23474,RUBR_ACESD
NKPKGGBA_00648,sp|B8I1M9|RL31_RUMCH,71.642,67,19,0,1,67,1,67,1.3700000000000001e-32,109.0,81.70731707317073,sp,B8I1M9,RL31_RUMCH
NKPKGGBA_00649,sp|Q03222|RHO_BACSU,65.289,363,123,2,283,644,54,414,2.38e-177,513.0,92.8388746803069,sp,Q03222,RHO_BACSU
NKPKGGBA_00667,sp|Q05852|GTAB_BACSU,61.672,287,110,0,29,315,3,289,5.39e-130,375.0,96.95945945945947,sp,Q05852,GTAB_BACSU
NKPKGGBA_00669,sp|A3DHF8|RS18_ACET2,100.0,94,0,0,1,94,1,94,7.44e-63,188.0,98.94736842105263,sp,A3DHF8,RS18_ACET2
NKPKGGBA_00671,sp|A0PX87|RS6_CLONN,59.574,94,37,1,3,95,2,95,3.94e-36,120.0,94.94949494949495,sp,A0PX87,RS6_CLONN
NKPKGGBA_00674,sp|Q8DLB8|GLGB_THEVB,57.124,751,295,6,4,730,2,749,0.0,900.0,97.91395045632333,sp,Q8DLB8,GLGB_THEVB
NKPKGGBA_00686,sp|O06980|YVCR_BACSU,51.383,253,119,3,1,252,1,250,1.16e-81,248.0,92.33576642335767,sp,O06980,YVCR_BACSU
NKPKGGBA_00695,sp|A3DHH6|GCH1_ACET2,100.0,187,0,0,1,187,1,187,3.44e-134,375.0,96.89119170984456,sp,A3DHH6,GCH1_ACET2
NKPKGGBA_00701,sp|Q97EE2|LEU3_CLOAB,65.374,361,121,2,1,361,1,357,9.28e-168,475.0,88.6977886977887,sp,Q97EE2,LEU3_CLOAB
NKPKGGBA_00702,sp|B8I4G1|LEUD_RUMCH,78.395,162,35,0,1,162,1,162,2.35e-92,268.0,83.93782383419689,sp,B8I4G1,LEUD_RUMCH
NKPKGGBA_00703,sp|A3DHI4|LEUC_ACET2,100.0,419,0,0,1,419,1,419,0.0,860.0,87.29166666666667,sp,A3DHI4,LEUC_ACET2
NKPKGGBA_00705,sp|A3DHI6|Y2213_ACET2,100.0,205,0,0,1,205,1,205,6.12e-148,412.0,100.0,sp,A3DHI6,Y2213_ACET2
NKPKGGBA_00714,sp|Q58466|Y1066_METJA,50.0,382,190,1,7,387,4,385,7.679999999999999e-138,401.0,93.39853300733496,sp,Q58466,Y1066_METJA
NKPKGGBA_00725,sp|Q58461|Y1061_METJA,55.67,291,128,1,1,291,8,297,2.23e-107,319.0,84.8396501457726,sp,Q58461,Y1061_METJA
NKPKGGBA_00729,sp|Q05203|FLA_HALH5,61.993,271,103,0,1,271,1,271,2.4e-111,325.0,80.8955223880597,sp,Q05203,FLA_HALH5
NKPKGGBA_00732,sp|A3DHL2|CSRA_ACET2,98.667,75,1,0,1,75,1,75,4.31e-46,144.0,96.15384615384616,sp,A3DHL2,CSRA_ACET2
NKPKGGBA_00733,sp|A3DHL3|FLIW_ACET2,100.0,159,0,0,1,159,1,159,4.61e-113,320.0,100.0,sp,A3DHL3,FLIW_ACET2
NKPKGGBA_00744,sp|A3DHM4|METK_ACET2,100.0,397,0,0,1,397,1,397,0.0,813.0,94.74940334128878,sp,A3DHM4,METK_ACET2
NKPKGGBA_00746,sp|B8I4B9|FTSH_RUMCH,69.787,609,171,5,1,599,1,606,0.0,836.0,97.44,sp,B8I4B9,FTSH_RUMCH
NKPKGGBA_00748,sp|Q9X4C9|DNAB_GEOSE,57.569,436,184,1,8,442,8,443,0.0,520.0,92.17758985200845,sp,Q9X4C9,DNAB_GEOSE
NKPKGGBA_00749,sp|A3DHN0|RL9_ACET2,100.0,148,0,0,1,148,1,148,1.6e-101,290.0,93.67088607594937,sp,A3DHN0,RL9_ACET2
NKPKGGBA_00756,sp|A3DHN7|VATE_ACET2,100.0,198,0,0,1,198,1,198,5.15e-133,374.0,96.11650485436894,sp,A3DHN7,VATE_ACET2
NKPKGGBA_00758,sp|B2TP92|VATF_CLOBB,55.0,100,45,0,3,102,4,103,9.65e-35,117.0,95.23809523809523,sp,B2TP92,VATF_CLOBB
NKPKGGBA_00759,sp|A3DHP0|VATA_ACET2,99.83,589,1,0,8,596,1,589,0.0,1202.0,96.39934533551555,sp,A3DHP0,VATA_ACET2
NKPKGGBA_00760,sp|A3DHP1|VATB_ACET2,100.0,460,0,0,1,460,1,460,0.0,931.0,98.08102345415777,sp,A3DHP1,VATB_ACET2
NKPKGGBA_00761,sp|A3DHP2|VATD_ACET2,99.55,222,1,0,1,222,1,222,1.1100000000000001e-160,446.0,100.0,sp,A3DHP2,VATD_ACET2
NKPKGGBA_00773,sp|P27675|GLNQ_GEOSE,52.555,274,96,2,1,274,1,240,2.8599999999999998e-95,283.0,95.13888888888889,sp,P27675,GLNQ_GEOSE
NKPKGGBA_00783,sp|P37494|YYBJ_BACSU,52.683,205,97,0,4,208,2,206,1.15e-71,220.0,83.33333333333334,sp,P37494,YYBJ_BACSU
NKPKGGBA_00788,sp|B8DZH3|CAS2_DICTD,58.442,77,32,0,1,77,1,77,4.5599999999999996e-24,89.7,83.69565217391305,sp,B8DZH3,CAS2_DICTD
NKPKGGBA_00789,sp|B5YL10|CAS1B_THEYD,60.0,330,132,0,1,330,1,330,7.24e-151,429.0,94.82758620689656,sp,B5YL10,CAS1B_THEYD
NKPKGGBA_00797,sp|A3DHS8|UPPP_ACET2,99.632,272,1,0,1,272,1,272,0.0,533.0,90.06622516556291,sp,A3DHS8,UPPP_ACET2
NKPKGGBA_00807,sp|A3DHU9|RLMH_ACET2,99.371,159,1,0,1,159,1,159,5.69e-112,317.0,92.98245614035088,sp,A3DHU9,RLMH_ACET2
NKPKGGBA_00809,sp|Q8R6V0|MURA3_CALS4,62.019,416,156,2,1,416,1,414,0.0,521.0,94.76082004555809,sp,Q8R6V0,MURA3_CALS4
NKPKGGBA_00814,sp|P37478|WALR_BACSU,60.262,229,90,1,1,228,1,229,1.31e-95,282.0,96.21848739495799,sp,P37478,WALR_BACSU
NKPKGGBA_00823,sp|Q04972|WCDA_SALTI,50.746,402,193,3,11,409,6,405,2.8e-139,408.0,83.57588357588358,sp,Q04972,WCDA_SALTI
NKPKGGBA_00827,sp|Q0P9D0|PGLC_CAMJE,58.373,209,78,3,21,229,1,200,1.5600000000000001e-80,242.0,98.12206572769952,sp,Q0P9D0,PGLC_CAMJE
NKPKGGBA_00828,sp|Q795J3|EPSN_BACSU,56.499,377,150,4,15,381,3,375,4.33e-152,437.0,94.72361809045226,sp,Q795J3,EPSN_BACSU
NKPKGGBA_00832,sp|P52971|SSPF_PRIM1,60.784,51,20,0,3,53,4,54,8.27e-19,74.3,96.22641509433963,sp,P52971,SSPF_PRIM1
NKPKGGBA_00839,sp|B8I2A5|NADA_RUMCH,70.627,303,89,0,2,304,1,303,2.7100000000000002e-163,459.0,83.93351800554017,sp,B8I2A5,NADA_RUMCH
NKPKGGBA_00844,sp|A3DDQ3|EFP_ACET2,100.0,185,0,0,1,185,1,185,1.6e-133,374.0,98.93048128342245,sp,A3DDQ3,EFP_ACET2
NKPKGGBA_00846,sp|B9MKD4|AROQ_CALBD,71.223,139,39,1,1,138,1,139,6.359999999999999e-67,202.0,85.80246913580247,sp,B9MKD4,AROQ_CALBD
NKPKGGBA_00853,sp|P39576|ILVE2_BACSU,66.382,351,118,0,5,355,6,356,8.900000000000001e-179,503.0,94.60916442048517,sp,P39576,ILVE2_BACSU
NKPKGGBA_00855,sp|A3DDR3|FLOA_ACET2,99.696,329,1,0,1,329,1,329,0.0,651.0,96.19883040935673,sp,A3DDR3,FLOA_ACET2
NKPKGGBA_00857,sp|Q97FZ9|RUBY1_CLOAB,64.045,178,60,2,1,177,1,175,3.4e-71,219.0,99.4413407821229,sp,Q97FZ9,RUBY1_CLOAB
NKPKGGBA_00860,sp|Q54WR9|GLNA3_DICDI,50.071,709,332,8,11,703,31,733,0.0,702.0,100.0,sp,Q54WR9,GLNA3_DICDI
NKPKGGBA_00863,sp|O26800|VORB_METTH,50.872,344,167,2,6,349,5,346,2.5e-120,354.0,86.0,sp,O26800,VORB_METTH
NKPKGGBA_00869,sp|A3DDS6|TRPF_ACET2,100.0,218,0,0,1,218,1,218,1.45e-158,440.0,85.15625,sp,A3DDS6,TRPF_ACET2
NKPKGGBA_00870,sp|A3DDS7|TRPC_ACET2,100.0,260,0,0,1,260,1,260,0.0,519.0,95.23809523809523,sp,A3DDS7,TRPC_ACET2
NKPKGGBA_00871,sp|A3DDS8|TRPD_ACET2,100.0,345,0,0,1,345,1,345,0.0,698.0,98.29059829059828,sp,A3DDS8,TRPD_ACET2
NKPKGGBA_00873,sp|P14953|TRPE_ACETH,100.0,494,0,0,1,494,1,494,0.0,1014.0,92.33644859813084,sp,P14953,TRPE_ACETH
NKPKGGBA_00875,sp|P37518|YCHF_BACSU,65.385,364,126,0,1,364,3,366,9.71e-174,490.0,95.78947368421052,sp,P37518,YCHF_BACSU
NKPKGGBA_00877,sp|Q9WYH8|AROF_THEMA,51.335,337,164,0,1,337,1,337,2.9100000000000003e-121,355.0,100.0,sp,Q9WYH8,AROF_THEMA
NKPKGGBA_00883,sp|Q8RBE5|COAE_CALS4,51.269,197,93,1,1,194,1,197,3.73e-56,179.0,93.36492890995261,sp,Q8RBE5,COAE_CALS4
NKPKGGBA_00896,sp|P33656|SIGA_CLOAB,82.353,357,59,1,2,358,26,378,0.0,545.0,96.7479674796748,sp,P33656,SIGA_CLOAB
NKPKGGBA_00902,sp|A3DDV5|PAND_ACET2,100.0,126,0,0,1,126,1,126,1.61e-88,255.0,100.0,sp,A3DDV5,PAND_ACET2
NKPKGGBA_00903,sp|A3DDV6|PANC_ACET2,100.0,281,0,0,1,281,1,281,0.0,572.0,86.1963190184049,sp,A3DDV6,PANC_ACET2
NKPKGGBA_00904,sp|A3DDV7|PANB_ACET2,100.0,283,0,0,1,283,1,283,0.0,576.0,96.91780821917808,sp,A3DDV7,PANB_ACET2
NKPKGGBA_00909,sp|Q45480|YLYB_BACSU,56.066,305,129,4,1,303,1,302,1.8e-119,348.0,82.88043478260869,sp,Q45480,YLYB_BACSU
NKPKGGBA_00910,sp|A3DDW4|LSPA_ACET2,100.0,151,0,0,1,151,1,151,1.7100000000000001e-105,300.0,86.7816091954023,sp,A3DDW4,LSPA_ACET2
NKPKGGBA_00913,sp|P51584|XYNY_ACETH,99.814,1077,2,0,1,1077,1,1077,0.0,2235.0,100.0,sp,P51584,XYNY_ACETH
NKPKGGBA_00918,sp|Q8XMP3|SYQ_CLOPE,64.899,547,187,5,23,569,8,549,0.0,738.0,90.86378737541528,sp,Q8XMP3,SYQ_CLOPE
NKPKGGBA_00921,sp|A3DDX7|DAPDH_ACET2,99.696,329,1,0,1,329,6,334,0.0,678.0,100.0,sp,A3DDX7,DAPDH_ACET2
NKPKGGBA_00925,sp|P51835|FTSY_BACSU,57.616,302,124,2,5,302,20,321,9.13e-115,337.0,89.88095238095238,sp,P51835,FTSY_BACSU
NKPKGGBA_00927,sp|B1KVV5|PDXA2_CLOBM,64.35,331,117,1,2,332,4,333,4.05e-155,441.0,89.94565217391305,sp,B1KVV5,PDXA2_CLOBM
NKPKGGBA_00928,sp|P45693|SP5S_BACSU,66.279,86,29,0,1,86,1,86,3.8500000000000006e-37,122.0,100.0,sp,P45693,SP5S_BACSU
NKPKGGBA_00930,sp|Q8R9W3|RNC_CALS4,52.212,226,107,1,10,235,1,225,1.43e-83,251.0,95.76271186440678,sp,Q8R9W3,RNC_CALS4
NKPKGGBA_00931,sp|O34340|FABF_BACSU,65.77,409,140,0,2,410,3,411,0.0,565.0,84.85477178423237,sp,O34340,FABF_BACSU
NKPKGGBA_00932,sp|A3DDY8|ACP_ACET2,100.0,74,0,0,1,74,1,74,4.5499999999999995e-45,141.0,93.67088607594937,sp,A3DDY8,ACP_ACET2
NKPKGGBA_00933,sp|P51831|FABG_BACSU,55.102,245,110,0,3,247,2,246,1.9799999999999997e-95,282.0,81.93979933110369,sp,P51831,FABG_BACSU
NKPKGGBA_00934,sp|P71019|FABD_BACSU,53.548,310,143,1,1,309,1,310,7.159999999999999e-115,337.0,88.31908831908832,sp,P71019,FABD_BACSU
NKPKGGBA_00935,sp|Q8R9V7|FABH_CALS4,56.456,333,141,2,1,331,1,331,2.96e-130,377.0,96.24277456647398,sp,Q8R9V7,FABH_CALS4
NKPKGGBA_00936,sp|A3DDZ2|PLSX_ACET2,100.0,339,0,0,1,339,1,339,0.0,674.0,92.87671232876711,sp,A3DDZ2,PLSX_ACET2
NKPKGGBA_00937,sp|Q8R9V5|FAPR_CALS4,64.444,180,64,0,2,181,7,186,2.98e-78,234.0,100.0,sp,Q8R9V5,FAPR_CALS4
NKPKGGBA_00941,sp|A3DDZ7|RIMO_ACET2,100.0,453,0,0,1,453,1,453,0.0,909.0,92.44897959183673,sp,A3DDZ7,RIMO_ACET2
NKPKGGBA_00946,sp|A8MIU4|PYRDB_ALKOO,64.145,304,107,1,1,304,1,302,7.52e-141,402.0,89.14956011730204,sp,A8MIU4,PYRDB_ALKOO
NKPKGGBA_00948,sp|A9KI94|CARB_LACP7,66.978,1069,346,5,1,1067,1,1064,0.0,1448.0,93.60770577933451,sp,A9KI94,CARB_LACP7
NKPKGGBA_00949,sp|Q8XHB2|CARA_CLOPE,59.026,349,139,2,1,349,1,345,9.86e-153,436.0,88.35443037974684,sp,Q8XHB2,CARA_CLOPE
NKPKGGBA_00950,sp|B0K2E7|PYRF_THEPX,54.777,314,131,2,1,314,1,303,7.4e-117,342.0,96.61538461538461,sp,B0K2E7,PYRF_THEPX
NKPKGGBA_00951,sp|A3DE07|PYRC_ACET2,99.765,426,1,0,3,428,1,426,0.0,867.0,86.40973630831643,sp,A3DE07,PYRC_ACET2
NKPKGGBA_00952,sp|A3DE08|PYRB_ACET2,100.0,312,0,0,1,312,1,312,0.0,632.0,93.13432835820895,sp,A3DE08,PYRB_ACET2
NKPKGGBA_00954,sp|A3DE09|PYRR_ACET2,100.0,184,0,0,1,184,1,184,9.42e-130,364.0,100.0,sp,A3DE09,PYRR_ACET2
NKPKGGBA_00958,sp|A3DE13|TGT_ACET2,99.733,374,1,0,1,374,1,374,0.0,775.0,93.96984924623115,sp,A3DE13,TGT_ACET2
NKPKGGBA_00959,sp|A3DE14|QUEA_ACET2,100.0,341,0,0,1,341,1,341,0.0,692.0,87.43589743589743,sp,A3DE14,QUEA_ACET2
NKPKGGBA_00961,sp|O67716|DHAS_AQUAE,62.048,332,117,3,6,328,5,336,2.96e-141,405.0,86.68407310704961,sp,O67716,DHAS_AQUAE
NKPKGGBA_00962,sp|A3DE17|DAPA_ACET2,100.0,292,0,0,1,292,1,292,0.0,588.0,97.65886287625418,sp,A3DE17,DAPA_ACET2
NKPKGGBA_00963,sp|Q8RBI6|DAPB_CALS4,57.6,250,104,2,1,250,2,249,1.18e-101,298.0,89.6057347670251,sp,Q8RBI6,DAPB_CALS4
NKPKGGBA_00981,sp|A3DBH0|SIGI1_ACET2,100.0,251,0,0,1,251,1,251,0.0,507.0,100.0,sp,A3DBH0,SIGI1_ACET2
NKPKGGBA_00982,sp|A3DBH1|RSGI1_ACET2,100.0,486,0,0,1,486,1,486,0.0,1004.0,90.0,sp,A3DBH1,RSGI1_ACET2
NKPKGGBA_00990,sp|Q899G3|NPD_CLOTE,68.776,237,74,0,5,241,6,242,1e-121,349.0,81.44329896907216,sp,Q899G3,NPD_CLOTE
NKPKGGBA_00992,sp|B8I6R1|ASNA_RUMCH,72.321,336,93,0,5,340,1,336,0.0,531.0,98.24561403508771,sp,B8I6R1,ASNA_RUMCH
NKPKGGBA_00993,sp|A3DBI2|SYN_ACET2,100.0,464,0,0,1,464,1,464,0.0,961.0,86.56716417910447,sp,A3DBI2,SYN_ACET2
NKPKGGBA_00994,sp|P22534|GUNA_CALSA,60.51,628,239,7,59,682,1117,1739,0.0,785.0,88.57545839210155,sp,P22534,GUNA_CALSA
NKPKGGBA_01004,sp|Q8R7B9|ARGJ_CALS4,53.465,404,183,2,2,401,1,403,5.1300000000000005e-143,415.0,83.64389233954451,sp,Q8R7B9,ARGJ_CALS4
NKPKGGBA_01005,sp|A4XJL4|LON_CALS8,63.766,770,276,2,8,776,5,772,0.0,1032.0,89.22363847045192,sp,A4XJL4,LON_CALS8
NKPKGGBA_01010,sp|A3DBJ9|NTPPA_ACET2,100.0,200,0,0,1,200,1,200,4.43e-144,402.0,90.9090909090909,sp,A3DBJ9,NTPPA_ACET2
NKPKGGBA_01015,sp|A3DBK4|MINC_ACET2,99.119,227,2,0,1,227,1,227,1.07e-165,459.0,81.07142857142857,sp,A3DBK4,MINC_ACET2
NKPKGGBA_01016,sp|Q01464|MIND_BACSU,64.045,267,93,3,1,264,1,267,1.16e-121,350.0,97.0909090909091,sp,Q01464,MIND_BACSU
NKPKGGBA_01017,sp|A3DBK6|MINE_ACET2,100.0,94,0,0,1,94,1,94,1.52e-62,187.0,98.94736842105263,sp,A3DBK6,MINE_ACET2
NKPKGGBA_01018,sp|A4XKM4|MGSA_CALS8,66.154,130,43,1,1,129,1,130,7.15e-62,189.0,95.58823529411765,sp,A4XKM4,MGSA_CALS8
NKPKGGBA_01025,sp|A3DBL4|TRMB_ACET2,100.0,218,0,0,1,218,1,218,1.23e-164,455.0,98.1981981981982,sp,A3DBL4,TRMB_ACET2
NKPKGGBA_01026,sp|O05243|YUGU_BACSU,55.385,130,57,1,1,129,1,130,7.26e-52,163.0,97.01492537313433,sp,O05243,YUGU_BACSU
NKPKGGBA_01029,sp|A0Q3H7|RIBBA_CLONN,67.16,405,132,1,1,405,4,407,0.0,566.0,96.42857142857143,sp,A0Q3H7,RIBBA_CLONN
NKPKGGBA_01030,sp|A3DBL9|RISB_ACET2,100.0,155,0,0,1,155,1,155,1.28e-109,311.0,96.875,sp,A3DBL9,RISB_ACET2
NKPKGGBA_01035,sp|A4XIQ4|HPRK_CALS8,59.136,301,121,1,7,307,2,300,1.1200000000000001e-122,357.0,94.95268138801262,sp,A4XIQ4,HPRK_CALS8
NKPKGGBA_01036,sp|A3DBM3|Y111_ACET2,100.0,241,0,0,1,241,1,241,0.0,498.0,100.0,sp,A3DBM3,Y111_ACET2
NKPKGGBA_01037,sp|A3DBM4|MURB_ACET2,99.671,304,1,0,1,304,2,305,0.0,617.0,83.97790055248619,sp,A3DBM4,MURB_ACET2
NKPKGGBA_01038,sp|A3DBM5|Y113_ACET2,100.0,291,0,0,1,291,1,291,0.0,585.0,95.40983606557377,sp,A3DBM5,Y113_ACET2
NKPKGGBA_01041,sp|A3DBM8|WHIA_ACET2,99.682,314,1,0,4,317,1,314,0.0,633.0,96.61538461538461,sp,A3DBM8,WHIA_ACET2
NKPKGGBA_01042,sp|O06976|CRH_BACSU,58.442,77,32,0,1,77,1,77,2.5399999999999998e-24,90.5,86.51685393258427,sp,O06976,CRH_BACSU
NKPKGGBA_01044,sp|A5N217|SP2AB_CLOK5,61.594,138,53,0,5,142,4,141,1.2499999999999999e-55,174.0,90.19607843137256,sp,A5N217,SP2AB_CLOK5
NKPKGGBA_01045,sp|P26764|RPSF_BACLI,56.79,243,102,1,5,247,13,252,1.19e-92,276.0,95.29411764705881,sp,P26764,RPSF_BACLI
NKPKGGBA_01052,sp|P32813|TRML_GEOSE,55.769,156,66,1,1,153,1,156,1.2799999999999999e-61,190.0,95.70552147239265,sp,P32813,TRML_GEOSE
NKPKGGBA_01062,sp|P09317|G3P_MYCMD,77.477,333,75,0,3,335,4,336,0.0,532.0,92.5,sp,P09317,G3P_MYCMD
NKPKGGBA_01063,sp|Q8R965|PGK_CALS4,70.305,394,117,0,4,397,1,394,0.0,570.0,92.9245283018868,sp,Q8R965,PGK_CALS4
NKPKGGBA_01064,sp|A3DBQ1|TPIS_ACET2,100.0,251,0,0,1,251,1,251,0.0,510.0,97.28682170542635,sp,A3DBQ1,TPIS_ACET2
NKPKGGBA_01065,sp|A3DBQ2|GPMI_ACET2,100.0,511,0,0,1,511,1,511,0.0,1055.0,94.9814126394052,sp,A3DBQ2,GPMI_ACET2
NKPKGGBA_01067,sp|A3DBQ5|ENO_ACET2,100.0,433,0,0,1,433,1,433,0.0,882.0,96.22222222222221,sp,A3DBQ5,ENO_ACET2
NKPKGGBA_01072,sp|P24559|PILT_PSEAE,52.239,335,159,1,1,335,1,334,2.2500000000000002e-117,346.0,95.98853868194843,sp,P24559,PILT_PSEAE
NKPKGGBA_01081,sp|Q9KA93|TEPA_HALH5,68.692,214,66,1,27,239,33,246,7.91e-108,315.0,90.67796610169492,sp,Q9KA93,TEPA_HALH5
NKPKGGBA_01083,sp|Q895I8|FTSK_CLOTE,51.98,783,314,13,24,799,15,742,0.0,678.0,93.6602870813397,sp,Q895I8,FTSK_CLOTE
NKPKGGBA_01084,sp|C3KYN9|Y249_CLOB6,66.063,607,191,1,1,607,4,595,0.0,853.0,88.09869375907112,sp,C3KYN9,Y249_CLOB6
NKPKGGBA_01085,sp|A3DEE6|FOLD_ACET2,100.0,285,0,0,1,285,1,285,0.0,568.0,94.37086092715232,sp,A3DEE6,FOLD_ACET2
NKPKGGBA_01087,sp|A3DEE4|RNY_ACET2,99.809,524,1,0,1,524,1,524,0.0,1028.0,95.97069597069597,sp,A3DEE4,RNY_ACET2
NKPKGGBA_01088,sp|O31775|YMDB_BACSU,53.15,254,119,0,1,254,1,254,4e-97,288.0,94.77611940298507,sp,O31775,YMDB_BACSU
NKPKGGBA_01107,sp|P46343|PHOL_BACSU,52.063,315,151,0,2,316,3,317,1.56e-116,342.0,96.3302752293578,sp,P46343,PHOL_BACSU
NKPKGGBA_01109,sp|A3DEC2|YBEY_ACET2,100.0,162,0,0,1,162,1,162,1.05e-114,324.0,92.57142857142857,sp,A3DEC2,YBEY_ACET2
NKPKGGBA_01110,sp|Q9KD53|CDD_HALH5,50.4,125,62,0,1,125,1,125,5.83e-39,130.0,94.6969696969697,sp,Q9KD53,CDD_HALH5
NKPKGGBA_01111,sp|B8I736|ERA_RUMCH,65.541,296,100,2,1,296,1,294,9.64e-143,406.0,91.64086687306502,sp,B8I736,ERA_RUMCH
NKPKGGBA_01113,sp|A3DEB9|RECO_ACET2,100.0,251,0,0,1,251,1,251,0.0,517.0,97.66536964980544,sp,A3DEB9,RECO_ACET2
NKPKGGBA_01116,sp|A3DEB6|THII_ACET2,99.745,392,1,0,1,392,1,392,0.0,797.0,96.79012345679013,sp,A3DEB6,THII_ACET2
NKPKGGBA_01121,sp|A3DEB1|GLYA_ACET2,100.0,412,0,0,1,412,1,412,0.0,849.0,96.03729603729604,sp,A3DEB1,GLYA_ACET2
NKPKGGBA_01125,sp|P94474|YEAC_BACSU,55.263,304,136,0,7,310,10,313,6.78e-116,340.0,93.25153374233128,sp,P94474,YEAC_BACSU
NKPKGGBA_01126,sp|Q8KQC4|LDH_ACET2,100.0,317,0,0,1,317,1,317,0.0,642.0,95.77039274924472,sp,Q8KQC4,LDH_ACET2
NKPKGGBA_01127,sp|A3DEA5|CINA_ACET2,99.758,413,1,0,1,413,1,413,0.0,835.0,95.16129032258065,sp,A3DEA5,CINA_ACET2
NKPKGGBA_01129,sp|Q8RA55|RECA_CALS4,78.419,329,71,0,1,329,2,330,0.0,549.0,90.88397790055248,sp,Q8RA55,RECA_CALS4
NKPKGGBA_01139,sp|A3DE94|MURD_ACET2,99.785,466,1,0,1,466,1,466,0.0,947.0,87.4296435272045,sp,A3DE94,MURD_ACET2
NKPKGGBA_01144,sp|B8I3I4|RS20_RUMCH,67.059,85,27,1,1,85,1,84,2.29e-30,105.0,87.62886597938144,sp,B8I3I4,RS20_RUMCH
NKPKGGBA_01145,sp|P59406|GPR_CLOTE,56.923,325,136,2,4,328,2,322,6.4e-135,389.0,88.79781420765028,sp,P59406,GPR_CLOTE
NKPKGGBA_01148,sp|A3DE88|DNLJ_ACET2,100.0,663,0,0,1,663,1,663,0.0,1343.0,87.00787401574803,sp,A3DE88,DNLJ_ACET2
NKPKGGBA_01151,sp|A3DE86|GATC_ACET2,100.0,95,0,0,1,95,1,95,6.86e-63,188.0,91.34615384615384,sp,A3DE86,GATC_ACET2
NKPKGGBA_01152,sp|B0K3S3|GATA_THEPX,63.58,486,175,2,1,486,1,484,0.0,615.0,95.10763209393346,sp,B0K3S3,GATA_THEPX
NKPKGGBA_01153,sp|B9MQ85|GATB_CALBD,71.458,480,134,1,1,477,1,480,0.0,729.0,96.96969696969697,sp,B9MQ85,GATB_CALBD
NKPKGGBA_01155,sp|O52593|PTAS_ACET2,99.398,332,2,0,27,358,1,332,0.0,663.0,96.7930029154519,sp,O52593,PTAS_ACET2
NKPKGGBA_01156,sp|O52594|ACKA_ACET2,100.0,399,0,0,1,399,1,399,0.0,818.0,88.8641425389755,sp,O52594,ACKA_ACET2
NKPKGGBA_01158,sp|A3DE79|RL32_ACET2,100.0,66,0,0,1,66,1,66,7.67e-43,135.0,98.50746268656717,sp,A3DE79,RL32_ACET2
NKPKGGBA_01160,sp|A3DE77|DER_ACET2,100.0,440,0,0,1,440,1,440,0.0,896.0,91.28630705394191,sp,A3DE77,DER_ACET2
NKPKGGBA_01162,sp|Q24VA4|GPDA_DESHY,56.193,331,144,1,4,334,3,332,1.08e-135,392.0,93.2394366197183,sp,Q24VA4,GPDA_DESHY
NKPKGGBA_01163,sp|P35149|SP4A_BACSU,56.301,492,215,0,1,492,1,492,0.0,598.0,100.0,sp,P35149,SP4A_BACSU
NKPKGGBA_01170,sp|A3DE67|MUTS2_ACET2,99.748,793,2,0,1,793,1,793,0.0,1598.0,93.84615384615384,sp,A3DE67,MUTS2_ACET2
NKPKGGBA_01177,sp|O07631|BIPA_BACSU,60.134,597,237,1,8,603,3,599,0.0,754.0,98.67768595041322,sp,O07631,BIPA_BACSU
NKPKGGBA_01178,sp|A3DE59|RS2_ACET2,100.0,252,0,0,1,252,1,252,0.0,513.0,96.55172413793103,sp,A3DE59,RS2_ACET2
NKPKGGBA_01181,sp|A3DEX5|SIGI5_ACET2,100.0,245,0,0,1,245,1,245,2.0899999999999998e-176,487.0,100.0,sp,A3DEX5,SIGI5_ACET2
NKPKGGBA_01182,sp|A3DEX6|RSGI5_ACET2,100.0,481,0,0,1,481,1,481,0.0,972.0,100.0,sp,A3DEX6,RSGI5_ACET2
NKPKGGBA_01185,sp|A3DEX9|COAD_ACET2,100.0,159,0,0,1,159,1,159,4.6499999999999996e-114,322.0,96.36363636363636,sp,A3DEX9,COAD_ACET2
NKPKGGBA_01188,sp|A3DEY2|RL28_ACET2,100.0,62,0,0,1,62,1,62,9.81e-39,124.0,95.38461538461539,sp,A3DEY2,RL28_ACET2
NKPKGGBA_01192,sp|P73715|END3_SYNY3,52.857,210,98,1,1,209,8,217,3.4900000000000004e-79,239.0,93.75,sp,P73715,END3_SYNY3
NKPKGGBA_01193,sp|B1I4F5|GLGA_DESAP,56.173,486,206,2,7,486,6,490,0.0,588.0,88.52459016393442,sp,B1I4F5,GLGA_DESAP
NKPKGGBA_01197,sp|P94413|YCLJ_BACSU,51.556,225,104,3,6,226,2,225,2.06e-76,233.0,91.83673469387756,sp,P94413,YCLJ_BACSU
NKPKGGBA_01201,sp|Q74C57|APGM_GEOSL,52.25,400,188,2,1,400,1,397,6.6e-157,451.0,94.7867298578199,sp,Q74C57,APGM_GEOSL
NKPKGGBA_01207,sp|A3DF00|COBT_ACET2,100.0,351,0,0,1,351,1,351,0.0,707.0,96.96132596685084,sp,A3DF00,COBT_ACET2
NKPKGGBA_01211,sp|A3DF04|TMCAL_ACET2,99.518,415,2,0,1,415,1,415,0.0,846.0,95.40229885057471,sp,A3DF04,TMCAL_ACET2
NKPKGGBA_01212,sp|Q45493|RNJ1_BACSU,53.442,552,256,1,4,555,5,555,0.0,630.0,96.33507853403141,sp,Q45493,RNJ1_BACSU
NKPKGGBA_01219,sp|P22983|PPDK_CLOSY,68.366,863,269,4,1,861,1,861,0.0,1243.0,90.17763845350052,sp,P22983,PPDK_CLOSY
NKPKGGBA_01224,sp|A3DF15|SYG_ACET2,100.0,462,0,0,1,462,1,462,0.0,961.0,81.76991150442477,sp,A3DF15,SYG_ACET2
NKPKGGBA_01226,sp|B8I2Z7|RPOZ_RUMCH,73.529,68,18,0,11,78,1,68,4.4e-31,106.0,88.31168831168831,sp,B8I2Z7,RPOZ_RUMCH
NKPKGGBA_01227,sp|Q24TX4|KGUA_DESHY,52.632,190,87,2,4,192,5,192,7.53e-72,219.0,91.78743961352657,sp,Q24TX4,KGUA_DESHY
NKPKGGBA_01228,sp|A3DF19|Y1316_ACET2,100.0,93,0,0,1,93,1,93,1.47e-61,184.0,98.93617021276596,sp,A3DF19,Y1316_ACET2
NKPKGGBA_01229,sp|Q182S9|YICC_CLOD6,52.542,295,137,2,1,294,1,293,1.17e-92,279.0,100.0,sp,Q182S9,YICC_CLOD6
NKPKGGBA_01231,sp|Q56312|CHEY_THEMA,57.759,116,48,1,7,122,6,120,7.61e-43,139.0,87.21804511278195,sp,Q56312,CHEY_THEMA
NKPKGGBA_01233,sp|A3DF23|PRMA_ACET2,100.0,313,0,0,1,313,1,313,0.0,630.0,93.7125748502994,sp,A3DF23,PRMA_ACET2
NKPKGGBA_01234,sp|A3DF24|DNAJ_ACET2,100.0,386,0,0,1,386,1,386,0.0,784.0,95.54455445544554,sp,A3DF24,DNAJ_ACET2
NKPKGGBA_01235,sp|A3DF25|DNAK_ACET2,100.0,608,0,0,1,608,1,608,0.0,1222.0,93.68258859784284,sp,A3DF25,DNAK_ACET2
NKPKGGBA_01237,sp|A3DF27|HRCA_ACET2,100.0,351,0,0,1,351,1,351,0.0,711.0,91.64490861618799,sp,A3DF27,HRCA_ACET2
NKPKGGBA_01239,sp|A3DF29|LEPA_ACET2,100.0,603,0,0,1,603,1,603,0.0,1227.0,98.85245901639344,sp,A3DF29,LEPA_ACET2
NKPKGGBA_01245,sp|B8I3F1|SYD_RUMCH,75.338,592,143,3,1,591,1,590,0.0,947.0,98.17578772802653,sp,B8I3F1,SYD_RUMCH
NKPKGGBA_01246,sp|A3DF35|SYH_ACET2,100.0,417,0,0,1,417,1,417,0.0,859.0,94.34389140271493,sp,A3DF35,SYH_ACET2
NKPKGGBA_01258,sp|A3DF46|DTD_ACET2,100.0,149,0,0,1,149,1,149,3.9299999999999997e-106,301.0,94.30379746835443,sp,A3DF46,DTD_ACET2
NKPKGGBA_01259,sp|O54408|RELA_BACSU,53.601,722,327,3,7,721,11,731,0.0,822.0,91.97452229299363,sp,O54408,RELA_BACSU
NKPKGGBA_01260,sp|A3DF48|APT_ACET2,99.415,171,1,0,1,171,1,171,2.54e-119,337.0,97.71428571428571,sp,A3DF48,APT_ACET2
NKPKGGBA_01263,sp|A3DF51|RS21_ACET2,100.0,58,0,0,1,58,1,58,1.04e-33,112.0,98.30508474576271,sp,A3DF51,RS21_ACET2
NKPKGGBA_01267,sp|O54068|UDG_RHIME,50.794,441,205,5,4,440,2,434,3.03e-158,457.0,93.82978723404256,sp,O54068,UDG_RHIME
NKPKGGBA_01276,sp|P39858|CAPI_STAAU,51.585,347,142,5,11,346,3,334,3.38e-120,353.0,88.7468030690537,sp,P39858,CAPI_STAAU
NKPKGGBA_01281,sp|O27818|RMLC_METTH,51.397,179,86,1,1,178,1,179,4.93e-66,203.0,99.44444444444444,sp,O27818,RMLC_METTH
NKPKGGBA_01331,sp|Q891A0|Y2481_CLOTE,54.911,448,201,1,4,451,7,453,0.0,540.0,90.68825910931174,sp,Q891A0,Y2481_CLOTE
NKPKGGBA_01342,sp|O31711|YKNY_BACSU,62.385,218,82,0,2,219,1,218,1.3100000000000002e-97,287.0,85.15625,sp,O31711,YKNY_BACSU
NKPKGGBA_01345,sp|Q8XHA6|PROB_CLOPE,67.159,271,87,1,6,276,1,269,1.61e-130,374.0,92.17687074829932,sp,Q8XHA6,PROB_CLOPE
NKPKGGBA_01350,sp|Q97ET8|RUBY2_CLOAB,65.761,184,63,0,1,184,1,184,4.94e-92,269.0,98.3957219251337,sp,Q97ET8,RUBY2_CLOAB
NKPKGGBA_01362,sp|A3DGC4|RS9_ACET2,100.0,130,0,0,1,130,1,130,6.32e-90,259.0,96.29629629629629,sp,A3DGC4,RS9_ACET2
NKPKGGBA_01363,sp|B8I815|RL13_RUMCH,75.524,143,35,0,3,145,2,144,6.18e-80,235.0,97.27891156462584,sp,B8I815,RL13_RUMCH
NKPKGGBA_01365,sp|A3DGC7|DISA_ACET2,99.722,360,1,0,1,360,1,360,0.0,713.0,100.0,sp,A3DGC7,DISA_ACET2
NKPKGGBA_01366,sp|Q9KGG1|RADA_HALH5,59.259,459,178,5,1,454,1,455,0.0,551.0,99.78260869565217,sp,Q9KGG1,RADA_HALH5
NKPKGGBA_01369,sp|P37571|CLPC_BACSU,65.093,805,277,2,1,805,2,802,0.0,1096.0,88.46153846153845,sp,P37571,CLPC_BACSU
NKPKGGBA_01370,sp|Q8R7S0|MCSB_CALS4,52.727,330,154,2,11,339,5,333,1.55e-129,376.0,94.82758620689656,sp,Q8R7S0,MCSB_CALS4
NKPKGGBA_01378,sp|Q97FM3|REX_CLOAB,59.624,213,86,0,1,213,1,213,4.06e-91,269.0,98.15668202764977,sp,Q97FM3,REX_CLOAB
NKPKGGBA_01381,sp|Q74DN5|Y1281_GEOSL,64.113,248,89,0,1,248,1,248,1.4300000000000001e-117,339.0,92.88389513108615,sp,Q74DN5,Y1281_GEOSL
NKPKGGBA_01396,sp|O52682|HYDB_THEMA,51.033,629,294,5,1,621,1,623,0.0,631.0,100.0,sp,O52682,HYDB_THEMA
NKPKGGBA_01402,sp|P0A9Q7|ADHE_ECOLI,62.92,863,315,3,11,869,3,864,0.0,1117.0,99.19540229885058,sp,P0A9Q7,ADHE_ECOLI
NKPKGGBA_01404,sp|Q04810|DPAB_BACSU,53.403,191,89,0,3,193,4,194,3.3899999999999996e-68,209.0,100.0,sp,Q04810,DPAB_BACSU
NKPKGGBA_01406,sp|Q04805|YMXG_BACSU,51.385,397,191,2,1,397,1,395,7.849999999999999e-138,403.0,87.83185840707965,sp,Q04805,YMXG_BACSU
NKPKGGBA_01407,sp|A3DCH7|PNP_ACET2,99.857,700,1,0,1,700,1,700,0.0,1398.0,97.62900976290098,sp,A3DCH7,PNP_ACET2
NKPKGGBA_01408,sp|A3DCH6|RS15_ACET2,100.0,87,0,0,1,87,1,87,7.15e-58,175.0,97.75280898876404,sp,A3DCH6,RS15_ACET2
NKPKGGBA_01411,sp|Q45538|COTJC_BACSU,60.0,190,75,1,1,190,1,189,6.36e-82,244.0,92.23300970873787,sp,Q45538,COTJC_BACSU
NKPKGGBA_01412,sp|P0C2S1|CELK_ACETH,87.946,813,98,0,1,813,1,813,0.0,1510.0,95.87264150943396,sp,P0C2S1,CELK_ACETH
NKPKGGBA_01413,sp|A3DCH1|CELK_ACET2,99.106,895,8,0,1,895,1,895,0.0,1847.0,100.0,sp,A3DCH1,CELK_ACET2
NKPKGGBA_01415,sp|A3DCG9|Y410_ACET2,100.0,452,0,0,1,452,1,452,0.0,903.0,98.0477223427332,sp,A3DCG9,Y410_ACET2
NKPKGGBA_01416,sp|Q97LS6|Y478_CLOAB,59.551,89,36,0,1,89,1,89,6.18e-33,112.0,100.0,sp,Q97LS6,Y478_CLOAB
NKPKGGBA_01422,sp|A3DCG2|SIGI4_ACET2,100.0,274,0,0,1,274,1,274,0.0,549.0,100.0,sp,A3DCG2,SIGI4_ACET2
NKPKGGBA_01427,sp|A3DCF7|Y398_ACET2,100.0,106,0,0,1,106,1,106,7.28e-70,206.0,98.14814814814815,sp,A3DCF7,Y398_ACET2
NKPKGGBA_01440,sp|Q58903|Y1508_METJA,51.584,221,103,2,5,223,1,219,5.59e-71,219.0,88.4,sp,Q58903,Y1508_METJA
NKPKGGBA_01450,sp|A3DCD4|GUAA_ACET2,99.804,511,1,0,1,511,1,511,0.0,1046.0,93.76146788990826,sp,A3DCD4,GUAA_ACET2
NKPKGGBA_01451,sp|Q8RQP4|DHE4_COREF,67.58,438,137,4,9,444,12,446,0.0,599.0,95.21739130434783,sp,Q8RQP4,DHE4_COREF
NKPKGGBA_01452,sp|Q8U194|SUDHB_PYRFU,58.889,270,111,0,1,270,1,270,6.6e-112,327.0,98.18181818181819,sp,Q8U194,SUDHB_PYRFU
NKPKGGBA_01453,sp|Q8U195|SUDHA_PYRFU,56.067,478,192,7,1,464,1,474,0.0,518.0,97.55102040816327,sp,Q8U195,SUDHA_PYRFU
NKPKGGBA_01469,sp|Q65ID1|MSRA_BACLD,61.765,170,65,0,12,181,6,175,1.99e-77,232.0,85.0,sp,Q65ID1,MSRA_BACLD
NKPKGGBA_01475,sp|Q9M8R4|DJ1D_ARATH,58.333,192,79,1,2,192,197,388,1.7400000000000002e-77,239.0,96.96969696969697,sp,Q9M8R4,DJ1D_ARATH
NKPKGGBA_01486,sp|O35023|SODF_BACSU,51.031,194,94,1,11,204,78,270,2.52e-67,211.0,85.46255506607929,sp,O35023,SODF_BACSU
NKPKGGBA_01490,sp|Q45070|XYNC_BACSU,68.421,418,129,2,3,419,4,419,0.0,603.0,99.2874109263658,sp,Q45070,XYNC_BACSU
NKPKGGBA_01500,sp|Q8U0Z8|MBHJ_PYRFU,55.469,128,57,0,3,130,20,147,2.23e-49,159.0,84.76821192052981,sp,Q8U0Z8,MBHJ_PYRFU
NKPKGGBA_01540,sp|P19543|NIFJ_ENTAG,62.095,1174,433,7,3,1170,4,1171,0.0,1533.0,93.92,sp,P19543,NIFJ_ENTAG
NKPKGGBA_01560,sp|P42304|YXIM_BACSU,67.655,371,119,1,8,378,5,374,0.0,535.0,100.0,sp,P42304,YXIM_BACSU
NKPKGGBA_01571,sp|A3DK68|COBS_ACET2,100.0,239,0,0,1,239,10,248,5.52e-167,463.0,87.86764705882352,sp,A3DK68,COBS_ACET2
NKPKGGBA_01576,sp|A5N6T4|CIRSY_CLOK5,60.762,446,175,0,11,456,1,446,0.0,606.0,100.0,sp,A5N6T4,CIRSY_CLOK5
NKPKGGBA_01580,sp|O32068|YTZG_BACSU,50.673,223,109,1,6,227,2,224,1.27e-73,226.0,90.2834008097166,sp,O32068,YTZG_BACSU
NKPKGGBA_01585,sp|A3DK82|GLGC_ACET2,99.765,426,1,0,1,426,1,426,0.0,869.0,88.38174273858921,sp,A3DK82,GLGC_ACET2
NKPKGGBA_01588,sp|Q81GI3|FABI_BACCR,55.512,254,107,2,4,251,3,256,8.57e-98,289.0,88.50174216027874,sp,Q81GI3,FABI_BACCR
NKPKGGBA_01605,sp|A3DBX9|G6PI_ACET2,100.0,448,0,0,1,448,1,448,0.0,920.0,93.52818371607515,sp,A3DBX9,G6PI_ACET2
NKPKGGBA_01607,sp|Q8R9C7|SYFB_CALS4,54.693,799,353,6,1,795,1,794,0.0,858.0,90.48697621744054,sp,Q8R9C7,SYFB_CALS4
NKPKGGBA_01608,sp|A3DBX6|SYFA_ACET2,100.0,339,0,0,1,339,1,339,0.0,696.0,95.76271186440678,sp,A3DBX6,SYFA_ACET2
NKPKGGBA_01610,sp|P26208|BGLA_ACET2,100.0,448,0,0,24,471,1,448,0.0,917.0,85.65965583173997,sp,P26208,BGLA_ACET2
NKPKGGBA_01612,sp|A3DBX3|GUB_ACET2,100.0,334,0,0,1,334,1,334,0.0,686.0,100.0,sp,A3DBX3,GUB_ACET2
NKPKGGBA_01614,sp|Q4UM29|Y543_RICFE,53.684,95,42,2,7,101,295,387,2.52e-23,95.9,85.58558558558559,sp,Q4UM29,Y543_RICFE
NKPKGGBA_01622,sp|Q8PY99|GLNA1_METMA,50.356,421,203,3,8,422,11,431,1.48e-144,422.0,88.07531380753139,sp,Q8PY99,GLNA1_METMA
NKPKGGBA_01623,sp|Q58745|Y1350_METJA,51.394,251,109,6,1,238,7,257,1.12e-76,235.0,94.3609022556391,sp,Q58745,Y1350_METJA
NKPKGGBA_01626,sp|O29309|AGLUS_ARCFU,63.872,501,176,1,6,501,11,511,0.0,662.0,98.42829076620825,sp,O29309,AGLUS_ARCFU
NKPKGGBA_01627,sp|Q9WYM9|Y398_THEMA,51.955,358,169,1,1,358,8,362,1.72e-142,411.0,98.35164835164835,sp,Q9WYM9,Y398_THEMA
NKPKGGBA_01628,sp|Q05650|GLNA3_BUTFI,50.216,693,337,6,8,696,11,699,0.0,683.0,98.15864022662889,sp,Q05650,GLNA3_BUTFI
NKPKGGBA_01638,sp|B9MQJ8|RNPH_CALBD,70.155,258,77,0,2,259,1,258,2.26e-131,375.0,98.09885931558935,sp,B9MQJ8,RNPH_CALBD
NKPKGGBA_01640,sp|Q9KDV3|GALE_HALH5,62.691,327,122,0,26,352,1,327,1.17e-153,438.0,86.05263157894737,sp,Q9KDV3,GALE_HALH5
NKPKGGBA_01644,sp|A3DBU4|RUVB_ACET2,100.0,330,0,0,1,330,1,330,0.0,654.0,99.3975903614458,sp,A3DBU4,RUVB_ACET2
NKPKGGBA_01645,sp|A3DBU3|RUVA_ACET2,100.0,202,0,0,1,202,1,202,9.35e-144,401.0,88.98678414096916,sp,A3DBU3,RUVA_ACET2
NKPKGGBA_01646,sp|A3DBU2|RUVC_ACET2,100.0,162,0,0,1,162,1,162,1.64e-116,329.0,97.59036144578313,sp,A3DBU2,RUVC_ACET2
NKPKGGBA_01647,sp|A3DBU1|ASSY_ACET2,100.0,405,0,0,1,405,1,405,0.0,824.0,97.82608695652173,sp,A3DBU1,ASSY_ACET2
NKPKGGBA_01648,sp|A3DBU0|ARLY_ACET2,100.0,458,0,0,1,458,1,458,0.0,945.0,96.82875264270614,sp,A3DBU0,ARLY_ACET2
NKPKGGBA_01661,sp|P54454|YQEI_BACSU,62.5,96,36,0,1,96,1,96,2.49e-36,121.0,100.0,sp,P54454,YQEI_BACSU
NKPKGGBA_01662,sp|A3DBS5|OBG_ACET2,100.0,424,0,0,1,424,1,424,0.0,861.0,94.01330376940133,sp,A3DBS5,OBG_ACET2
NKPKGGBA_01663,sp|A3DBS4|RL27_ACET2,100.0,92,0,0,1,92,1,92,4.14e-60,181.0,97.87234042553192,sp,A3DBS4,RL27_ACET2
NKPKGGBA_01665,sp|A3DBS2|RL21_ACET2,100.0,103,0,0,1,103,1,103,1.02e-70,208.0,98.09523809523809,sp,A3DBS2,RL21_ACET2
NKPKGGBA_01670,sp|A4XJV6|Y1599_CALS8,54.118,85,38,1,6,90,6,89,4.31e-18,75.5,95.50561797752809,sp,A4XJV6,Y1599_CALS8
NKPKGGBA_01671,sp|A3DBR5|YQGF_ACET2,100.0,141,0,0,1,141,1,141,5.5699999999999996e-98,280.0,92.15686274509804,sp,A3DBR5,YQGF_ACET2
NKPKGGBA_01673,sp|A3DBR3|Y151_ACET2,100.0,90,0,0,1,90,1,90,7.79e-61,182.0,100.0,sp,A3DBR3,Y151_ACET2
NKPKGGBA_01677,sp|O32231|RNR_BACSU,51.565,735,347,6,6,734,8,739,0.0,768.0,96.07843137254902,sp,O32231,RNR_BACSU
NKPKGGBA_01691,sp|Q8RGC8|FBPC_FUSNN,60.882,363,136,3,1,362,1,358,1.03e-155,445.0,96.28647214854111,sp,Q8RGC8,FBPC_FUSNN
NKPKGGBA_01695,sp|Q8DWZ0|DEOC_STRA5,65.919,223,75,1,1,222,1,223,1.73e-103,301.0,91.39344262295081,sp,Q8DWZ0,DEOC_STRA5
NKPKGGBA_01696,sp|P19079|CDD_BACSU,52.941,136,58,2,1,136,1,130,1.5799999999999997e-42,140.0,97.14285714285714,sp,P19079,CDD_BACSU
NKPKGGBA_01699,sp|O05253|NUPO_BACSU,56.349,504,219,1,14,517,5,507,0.0,571.0,91.63636363636364,sp,O05253,NUPO_BACSU
NKPKGGBA_01703,sp|B7HHL7|DEOD_BACC4,52.838,229,106,2,6,233,2,229,3.2e-84,253.0,96.21848739495799,sp,B7HHL7,DEOD_BACC4
NKPKGGBA_01705,sp|Q97ME5|NIFH_CLOAB,78.676,272,58,0,5,276,1,272,3.5e-159,446.0,93.15068493150685,sp,Q97ME5,NIFH_CLOAB
NKPKGGBA_01718,sp|Q43317|CYSK_CITLA,50.0,306,145,5,2,301,8,311,1.42e-83,257.0,90.2654867256637,sp,Q43317,CYSK_CITLA
NKPKGGBA_01719,sp|A2RM21|METC_LACLM,59.043,376,153,1,7,382,4,378,5.02e-158,452.0,87.85046728971963,sp,A2RM21,METC_LACLM
NKPKGGBA_01721,sp|Q4KK46|METN2_PSEF5,56.71,231,100,0,16,246,32,262,2.7e-89,272.0,86.51685393258427,sp,Q4KK46,METN2_PSEF5
NKPKGGBA_01733,sp|Q5FQ60|SYDND_GLUOX,53.754,586,258,5,5,579,4,587,0.0,644.0,94.36392914653784,sp,Q5FQ60,SYDND_GLUOX
NKPKGGBA_01735,sp|C4ZHB9|GATA_AGARV,53.404,470,212,4,7,472,10,476,5.81e-174,501.0,92.15686274509804,sp,C4ZHB9,GATA_AGARV
NKPKGGBA_01736,sp|A4XHY9|GATB_CALS8,51.471,476,221,5,1,467,1,475,6.5499999999999995e-171,492.0,95.58232931726907,sp,A4XHY9,GATB_CALS8
NKPKGGBA_01758,sp|K0J4Q8|AHPC_AMPXN,72.34,188,51,1,1,187,1,188,2.78e-103,298.0,92.61083743842364,sp,K0J4Q8,AHPC_AMPXN
NKPKGGBA_01759,sp|P26829|DHNA_FERAY,72.495,509,140,0,1,509,1,509,0.0,796.0,98.07321772639692,sp,P26829,DHNA_FERAY
NKPKGGBA_01769,sp|O31489|YDCI_BACSU,54.571,711,315,3,8,714,11,717,0.0,748.0,88.43283582089553,sp,O31489,YDCI_BACSU
NKPKGGBA_01781,sp|C5A366|DEOC_THEGJ,57.477,214,89,1,6,217,6,219,6.36e-80,241.0,88.79668049792531,sp,C5A366,DEOC_THEGJ
NKPKGGBA_01787,sp|A3DGS7|DDL_ACET2,99.734,376,1,0,1,376,1,376,0.0,762.0,94.94949494949495,sp,A3DGS7,DDL_ACET2
NKPKGGBA_01790,sp|A3DGS4|SYR_ACET2,100.0,564,0,0,1,564,1,564,0.0,1159.0,85.06787330316742,sp,A3DGS4,SYR_ACET2
NKPKGGBA_01800,sp|A3DGR3|PYRG_ACET2,100.0,542,0,0,1,542,1,542,0.0,1112.0,98.01084990958408,sp,A3DGR3,PYRG_ACET2
NKPKGGBA_01819,sp|A3DEQ2|MTAD_ACET2,100.0,431,0,0,1,431,1,431,0.0,882.0,90.35639412997904,sp,A3DEQ2,MTAD_ACET2
NKPKGGBA_01820,sp|Q9UYK5|SAHH_PYRAB,63.814,409,148,0,5,413,10,418,0.0,545.0,88.52813852813853,sp,Q9UYK5,SAHH_PYRAB
NKPKGGBA_01821,sp|P77834|PUNA_GEOSE,58.238,261,109,0,10,270,8,268,1.28e-114,333.0,87.87878787878788,sp,P77834,PUNA_GEOSE
NKPKGGBA_01824,sp|B8I6I0|Y490_RUMCH,72.319,401,97,5,1,401,1,387,0.0,541.0,90.9297052154195,sp,B8I6I0,Y490_RUMCH
NKPKGGBA_01831,sp|Q8Q001|TRPB2_METMA,63.785,428,154,1,7,433,14,441,0.0,559.0,95.11111111111111,sp,Q8Q001,TRPB2_METMA
NKPKGGBA_01836,sp|A3DER9|CLPS_ACET2,100.0,99,0,0,1,99,1,99,4.0299999999999994e-67,199.0,95.1923076923077,sp,A3DER9,CLPS_ACET2
NKPKGGBA_01838,sp|A3DES1|LFTR_ACET2,100.0,233,0,0,1,233,1,233,8.259999999999999e-176,484.0,97.08333333333333,sp,A3DES1,LFTR_ACET2
NKPKGGBA_01843,sp|A3DES6|RL20_ACET2,100.0,117,0,0,1,117,1,117,5.57e-79,230.0,98.31932773109243,sp,A3DES6,RL20_ACET2
NKPKGGBA_01844,sp|A3DES7|RL35_ACET2,100.0,65,0,0,1,65,1,65,1.99e-37,121.0,100.0,sp,A3DES7,RL35_ACET2
NKPKGGBA_01845,sp|Q8R9C2|IF3_CALS4,60.588,170,67,0,4,173,10,179,1.73e-75,226.0,89.47368421052632,sp,Q8R9C2,IF3_CALS4
NKPKGGBA_01848,sp|A3DET1|SYT_ACET2,100.0,635,0,0,1,635,1,635,0.0,1306.0,94.07407407407408,sp,A3DET1,SYT_ACET2
NKPKGGBA_01866,sp|O34557|RPE_BACSU,59.813,214,85,1,2,214,1,214,8.939999999999999e-92,271.0,94.69026548672566,sp,O34557,RPE_BACSU
NKPKGGBA_01867,sp|B8I262|RSGA_RUMCH,58.824,289,117,1,1,287,1,289,2.52e-121,352.0,90.59561128526646,sp,B8I262,RSGA_RUMCH
NKPKGGBA_01870,sp|A3DCX9|RLMN_ACET2,100.0,349,0,0,1,349,1,349,0.0,716.0,90.41450777202073,sp,A3DCX9,RLMN_ACET2
NKPKGGBA_01872,sp|O05248|YUGP_BACSU,54.884,215,97,0,8,222,3,217,1.91e-60,192.0,100.0,sp,O05248,YUGP_BACSU
NKPKGGBA_01874,sp|A3DCX5|FMT_ACET2,99.357,311,2,0,15,325,1,311,0.0,639.0,91.20234604105572,sp,A3DCX5,FMT_ACET2
NKPKGGBA_01875,sp|A3DCX4|DEF_ACET2,100.0,170,0,0,1,170,1,170,3.25e-117,331.0,85.85858585858585,sp,A3DCX4,DEF_ACET2
NKPKGGBA_01886,sp|O05272|ASNO_BACSU,56.84,614,260,3,1,612,1,611,0.0,737.0,98.87278582930756,sp,O05272,ASNO_BACSU
NKPKGGBA_01892,sp|Q9BEA2|ACSM1_BOVIN,60.976,82,30,1,2,81,496,577,1.61e-26,103.0,91.11111111111111,sp,Q9BEA2,ACSM1_BOVIN
NKPKGGBA_01907,sp|P04956|GUNB_ACET2,100.0,563,0,0,1,563,1,563,0.0,1157.0,95.10135135135135,sp,P04956,GUNB_ACET2
NKPKGGBA_01925,sp|P16218|GUNH_ACET2,99.778,900,2,0,1,900,1,900,0.0,1845.0,100.0,sp,P16218,GUNH_ACET2
NKPKGGBA_01930,sp|A3DFH7|DCDB_ACET2,98.876,178,2,0,1,178,1,178,2.62e-129,362.0,86.40776699029125,sp,A3DFH7,DCDB_ACET2
NKPKGGBA_01950,sp|Q02929|CPS_ACET2,51.724,522,242,4,76,593,1,516,6.96e-152,451.0,85.15497553017944,sp,Q02929,CPS_ACET2
NKPKGGBA_01951,sp|P54147|Y108_SYNY3,56.28,414,167,6,7,418,88,489,5.33e-143,426.0,82.8,sp,P54147,Y108_SYNY3
NKPKGGBA_01961,sp|O32175|YUSI_BACSU,58.333,108,45,0,1,108,3,110,3.0600000000000004e-36,122.0,94.73684210526315,sp,O32175,YUSI_BACSU
NKPKGGBA_01967,sp|Q58015|MTM3_METJA,56.271,295,120,4,16,309,3,289,8.09e-107,315.0,90.76923076923077,sp,Q58015,MTM3_METJA
NKPKGGBA_01986,sp|Q9K621|BCER_HALH5,50.45,222,110,0,1,222,1,222,7.160000000000001e-79,239.0,93.27731092436974,sp,Q9K621,BCER_HALH5
NKPKGGBA_01990,sp|Q8R9G7|MURA2_CALS4,60.145,276,109,1,6,281,141,415,2.28e-115,341.0,95.17241379310344,sp,Q8R9G7,MURA2_CALS4
NKPKGGBA_01994,sp|Q9K9T7|FTSZ_HALH5,61.942,381,127,2,1,364,1,380,2.24e-145,419.0,97.94344473007712,sp,Q9K9T7,FTSZ_HALH5
NKPKGGBA_01996,sp|P06222|RPSE_BACSU,69.71,241,71,2,4,244,1,239,1.68e-114,330.0,84.85915492957746,sp,P06222,RPSE_BACSU
NKPKGGBA_01997,sp|P33658|RPSG_CLOAB,76.654,257,60,0,1,257,1,257,4.84e-152,427.0,90.49295774647888,sp,P33658,RPSG_CLOAB
NKPKGGBA_01999,sp|A3DCK9|NRDR_ACET2,100.0,151,0,0,1,151,1,151,2.43e-108,307.0,99.3421052631579,sp,A3DCK9,NRDR_ACET2
NKPKGGBA_02009,sp|Q9KA23|TOP1_HALH5,58.092,692,282,4,1,691,1,685,0.0,847.0,85.4320987654321,sp,Q9KA23,TOP1_HALH5
NKPKGGBA_02010,sp|A3DCM0|TRMFO_ACET2,100.0,436,0,0,1,436,1,436,0.0,906.0,88.08080808080808,sp,A3DCM0,TRMFO_ACET2
NKPKGGBA_02012,sp|P24501|FLGC_BACSU,55.921,152,60,4,1,147,1,150,7.85e-51,162.0,98.7012987012987,sp,P24501,FLGC_BACSU
NKPKGGBA_02015,sp|P23448|FLIG_BACSU,62.353,340,126,1,1,340,1,338,7.02e-158,448.0,100.0,sp,P23448,FLIG_BACSU
NKPKGGBA_02017,sp|P23445|FLII_BACSU,57.944,428,175,3,11,435,8,433,1.08e-174,499.0,95.53571428571429,sp,P23445,FLII_BACSU
NKPKGGBA_02024,sp|C0H412|SWRD_BACSU,54.098,61,28,0,1,61,1,61,1.32e-14,64.7,100.0,sp,C0H412,SWRD_BACSU
NKPKGGBA_02028,sp|P24072|CHEY_BACSU,74.167,120,31,0,1,120,1,120,6.48e-63,190.0,94.48818897637796,sp,P24072,CHEY_BACSU
NKPKGGBA_02030,sp|P35528|FLIP_BACSU,56.279,215,91,1,44,258,10,221,8.98e-80,242.0,87.04453441295547,sp,P35528,FLIP_BACSU
NKPKGGBA_02031,sp|P35535|FLIQ_BACSU,52.874,87,41,0,1,87,1,87,6.28e-28,99.8,96.66666666666667,sp,P35535,FLIQ_BACSU
NKPKGGBA_02034,sp|P35620|FLHA_BACSU,55.721,673,295,2,7,676,5,677,0.0,695.0,94.92242595204513,sp,P35620,FLHA_BACSU
NKPKGGBA_02042,sp|Q8RA16|CHED_CALS4,56.962,158,68,0,4,161,5,162,3.17e-63,194.0,95.75757575757575,sp,Q8RA16,CHED_CALS4
NKPKGGBA_02052,sp|Q7A1W9|PFLB_STAAW,67.436,737,239,1,3,739,11,746,0.0,1076.0,96.08865710560626,sp,Q7A1W9,PFLB_STAAW
NKPKGGBA_02053,sp|Q7A1W8|PFLA_STAAW,51.029,243,112,3,3,238,2,244,1.1300000000000002e-73,227.0,80.4635761589404,sp,Q7A1W8,PFLA_STAAW
NKPKGGBA_02057,sp|Q9ZAA6|GCDB_ACIFV,51.944,360,171,2,6,365,15,372,4.18e-119,352.0,84.90566037735849,sp,Q9ZAA6,GCDB_ACIFV
NKPKGGBA_02061,sp|A3DI26|ISPE_ACET2,99.64,278,1,0,1,278,6,283,0.0,564.0,87.9746835443038,sp,A3DI26,ISPE_ACET2
NKPKGGBA_02092,sp|H6LC31|RNFD_ACEWD,50.789,317,145,4,2,315,3,311,2.39e-91,278.0,84.98659517426273,sp,H6LC31,RNFD_ACEWD
NKPKGGBA_02094,sp|D8GR69|RNFE_CLOLD,50.785,191,93,1,9,199,10,199,2.55e-61,193.0,81.97424892703863,sp,D8GR69,RNFE_CLOLD
NKPKGGBA_02095,sp|H6LC28|RNFA_ACEWD,59.574,188,76,0,5,192,2,189,1.1300000000000002e-73,223.0,92.15686274509804,sp,H6LC28,RNFA_ACEWD
NKPKGGBA_02105,sp|A6KXB3|APTB_PHOV8,51.14,307,148,2,6,311,7,312,1.49e-109,323.0,93.59756097560977,sp,A6KXB3,APTB_PHOV8
NKPKGGBA_02112,sp|O31605|PEPF_BACSU,52.941,51,24,0,1,51,614,664,7.13e-13,63.5,100.0,sp,O31605,PEPF_BACSU
NKPKGGBA_02117,sp|P21335|TADA_BACSU,53.521,142,66,0,11,152,7,148,7.9e-52,165.0,85.02994011976048,sp,P21335,TADA_BACSU
NKPKGGBA_02120,sp|P54430|YRKC_BACSU,60.694,173,61,2,35,200,9,181,9.200000000000001e-73,221.0,100.0,sp,P54430,YRKC_BACSU
NKPKGGBA_02128,sp|C0H3V8|YYZM_BACSU,50.0,60,30,0,5,64,6,65,5.75e-18,72.8,100.0,sp,C0H3V8,YYZM_BACSU
NKPKGGBA_02131,sp|Q94BU8|GSDA_ARATH,51.181,127,61,1,4,130,33,158,8.06e-43,143.0,83.00653594771242,sp,Q94BU8,GSDA_ARATH
NKPKGGBA_02133,sp|Q57625|ILVH_METJA,56.97,165,70,1,3,166,8,172,7.44e-63,194.0,80.88235294117648,sp,Q57625,ILVH_METJA
NKPKGGBA_02134,sp|A3DIE1|ILVC_ACET2,100.0,331,0,0,1,331,1,331,0.0,682.0,98.21958456973294,sp,A3DIE1,ILVC_ACET2
NKPKGGBA_02135,sp|O66682|CIMA_AQUAE,56.322,522,226,2,2,521,3,524,0.0,616.0,90.625,sp,O66682,CIMA_AQUAE
NKPKGGBA_02137,sp|A3DIE4|SIGI7_ACET2,99.574,235,1,0,1,235,1,235,1.2400000000000001e-169,469.0,99.15611814345992,sp,A3DIE4,SIGI7_ACET2
NKPKGGBA_02138,sp|A3DIE5|RSGI7_ACET2,99.814,539,1,0,1,539,1,539,0.0,1065.0,100.0,sp,A3DIE5,RSGI7_ACET2
NKPKGGBA_02141,sp|A3DIE8|HEM1_ACET2,100.0,331,0,0,1,331,1,331,0.0,676.0,84.65473145780051,sp,A3DIE8,HEM1_ACET2
NKPKGGBA_02143,sp|A3DIF0|HEM3_ACET2,100.0,292,0,0,1,292,1,292,0.0,591.0,91.82389937106919,sp,A3DIF0,HEM3_ACET2
NKPKGGBA_02144,sp|Q59294|HEM4_RUMJO,50.302,497,231,4,6,489,4,497,2.33e-168,487.0,100.0,sp,Q59294,HEM4_RUMJO
NKPKGGBA_02145,sp|Q60178|HEM2_METJA,53.438,320,147,1,1,318,10,329,3.01e-121,354.0,97.5609756097561,sp,Q60178,HEM2_METJA
NKPKGGBA_02146,sp|A3DIF3|GSA_ACET2,100.0,427,0,0,1,427,1,427,0.0,872.0,98.38709677419355,sp,A3DIF3,GSA_ACET2
NKPKGGBA_02147,sp|P0AG79|SUBI_SHIFL,72.168,309,85,1,47,355,22,329,9.95e-165,466.0,88.28571428571429,sp,P0AG79,SUBI_SHIFL
NKPKGGBA_02148,sp|P27367|CYST_SYNE7,53.906,256,118,0,25,280,22,277,1.11e-84,258.0,92.08633093525181,sp,P27367,CYST_SYNE7
NKPKGGBA_02149,sp|P27370|CYSW_SYNE7,51.579,285,132,3,15,294,2,285,3.93e-91,275.0,100.0,sp,P27370,CYSW_SYNE7
NKPKGGBA_02150,sp|O31339|CYSA_BACC1,65.826,357,119,1,1,354,1,357,8.62e-171,482.0,96.48648648648648,sp,O31339,CYSA_BACC1
NKPKGGBA_02151,sp|Q9RFS6|CYSH_BURCE,50.0,202,101,0,32,233,32,233,2.24e-72,224.0,84.51882845188284,sp,Q9RFS6,CYSH_BURCE
NKPKGGBA_02167,sp|A3DIH0|IABF_ACET2,100.0,503,0,0,1,503,1,503,0.0,1044.0,98.43444227005871,sp,A3DIH0,IABF_ACET2
NKPKGGBA_02179,sp|P26398|RFBH_SALTY,55.023,438,185,4,12,448,6,432,1.61e-177,506.0,97.76785714285714,sp,P26398,RFBH_SALTY
NKPKGGBA_02182,sp|Q8Z5I4|RFBF_SALTI,54.231,260,114,4,1,259,1,256,2.37e-101,298.0,94.20289855072464,sp,Q8Z5I4,RFBF_SALTI
NKPKGGBA_02190,sp|Q02934|GUNI_ACET2,99.775,887,2,0,1,887,1,887,0.0,1833.0,100.0,sp,Q02934,GUNI_ACET2
NKPKGGBA_02196,sp|A3DBE8|HCP_ACET2,100.0,542,0,0,1,542,1,542,0.0,1118.0,94.42508710801394,sp,A3DBE8,HCP_ACET2
NKPKGGBA_02205,sp|Q02001|TRPE_LACLA,59.091,44,18,0,1,44,411,454,1.56e-10,57.0,91.66666666666666,sp,Q02001,TRPE_LACLA
NKPKGGBA_02206,sp|P28820|PABB_BACSU,58.333,96,40,0,1,96,314,409,9.200000000000001e-35,126.0,84.95575221238938,sp,P28820,PABB_BACSU
NKPKGGBA_02208,sp|P22805|BIOA_LYSSH,58.969,446,183,0,1,446,5,450,0.0,585.0,90.2834008097166,sp,P22805,BIOA_LYSSH
NKPKGGBA_02209,sp|A3DBD7|BIOC_ACET2,99.647,283,1,0,1,283,1,283,0.0,585.0,91.88311688311688,sp,A3DBD7,BIOC_ACET2
NKPKGGBA_02211,sp|A3DBD5|BIOF_ACET2,99.485,388,2,0,1,388,1,388,0.0,793.0,92.60143198090692,sp,A3DBD5,BIOF_ACET2
NKPKGGBA_02213,sp|A3DBD3|BIOB_ACET2,99.688,320,1,0,1,320,1,320,0.0,654.0,96.09609609609609,sp,A3DBD3,BIOB_ACET2
NKPKGGBA_02218,sp|P42293|EABN2_BACSU,64.56,443,151,4,268,706,29,469,0.0,590.0,97.14912280701753,sp,P42293,EABN2_BACSU
NKPKGGBA_02230,sp|A3DJH1|RS10_ACET2,100.0,103,0,0,1,103,1,103,4.49e-70,207.0,98.09523809523809,sp,A3DJH1,RS10_ACET2
NKPKGGBA_02231,sp|A3DJH2|RL3_ACET2,100.0,212,0,0,1,212,1,212,6.4899999999999995e-152,422.0,92.98245614035088,sp,A3DJH2,RL3_ACET2
NKPKGGBA_02232,sp|A3DJH3|RL4_ACET2,100.0,208,0,0,1,208,1,208,1.32e-151,421.0,92.03539823008849,sp,A3DJH3,RL4_ACET2
NKPKGGBA_02233,sp|A3DJH4|RL23_ACET2,100.0,117,0,0,1,117,1,117,8.779999999999999e-81,235.0,100.0,sp,A3DJH4,RL23_ACET2
NKPKGGBA_02234,sp|A3DJH5|RL2_ACET2,99.636,275,1,0,1,275,1,275,0.0,554.0,98.21428571428571,sp,A3DJH5,RL2_ACET2
NKPKGGBA_02235,sp|A3DJH6|RS19_ACET2,100.0,94,0,0,1,94,1,94,5.93e-65,193.0,100.0,sp,A3DJH6,RS19_ACET2
NKPKGGBA_02236,sp|A3DJH7|RL22_ACET2,99.2,125,1,0,34,158,1,125,3.79e-85,248.0,93.98496240601504,sp,A3DJH7,RL22_ACET2
NKPKGGBA_02237,sp|A3DJH8|RS3_ACET2,100.0,226,0,0,1,226,1,226,2.6e-164,455.0,96.99570815450643,sp,A3DJH8,RS3_ACET2
NKPKGGBA_02238,sp|A3DJH9|RL16_ACET2,100.0,145,0,0,1,145,1,145,1.91e-103,295.0,94.15584415584416,sp,A3DJH9,RL16_ACET2
NKPKGGBA_02239,sp|A3DJI0|RL29_ACET2,100.0,67,0,0,1,67,1,67,1.52e-40,129.0,95.71428571428572,sp,A3DJI0,RL29_ACET2
NKPKGGBA_02240,sp|A3DJI1|RS17_ACET2,100.0,85,0,0,1,85,1,85,6.300000000000001e-56,169.0,97.70114942528735,sp,A3DJI1,RS17_ACET2
NKPKGGBA_02241,sp|A3DJI2|RL14_ACET2,100.0,122,0,0,1,122,1,122,1.24e-83,243.0,98.38709677419355,sp,A3DJI2,RL14_ACET2
NKPKGGBA_02242,sp|A3DJI3|RL24_ACET2,100.0,116,0,0,1,116,1,116,1.5e-78,229.0,94.3089430894309,sp,A3DJI3,RL24_ACET2
NKPKGGBA_02243,sp|B8I7Z1|RL5_RUMCH,78.889,180,38,0,1,180,1,180,6.84e-107,306.0,100.0,sp,B8I7Z1,RL5_RUMCH
NKPKGGBA_02244,sp|A3DJI6|RS8_ACET2,100.0,132,0,0,1,132,1,132,8.62e-92,264.0,96.35036496350365,sp,A3DJI6,RS8_ACET2
NKPKGGBA_02245,sp|B8I7Z4|RL6_RUMCH,77.326,172,39,0,1,172,1,172,8.22e-93,271.0,91.48936170212765,sp,B8I7Z4,RL6_RUMCH
NKPKGGBA_02246,sp|A3DJI8|RL18_ACET2,100.0,122,0,0,1,122,1,122,4.0200000000000004e-85,246.0,96.82539682539682,sp,A3DJI8,RL18_ACET2
NKPKGGBA_02247,sp|A3DJI9|RS5_ACET2,100.0,166,0,0,1,166,1,166,5.81e-114,323.0,95.95375722543352,sp,A3DJI9,RS5_ACET2
NKPKGGBA_02248,sp|A3DJJ0|RL30_ACET2,100.0,59,0,0,1,59,1,59,3.7100000000000004e-36,118.0,98.33333333333333,sp,A3DJJ0,RL30_ACET2
NKPKGGBA_02249,sp|A3DJJ1|RL15_ACET2,100.0,146,0,0,1,146,1,146,8.32e-101,288.0,95.42483660130719,sp,A3DJJ1,RL15_ACET2
NKPKGGBA_02251,sp|A3DJJ3|KAD_ACET2,100.0,217,0,0,1,217,1,217,9.110000000000001e-160,442.0,96.875,sp,A3DJJ3,KAD_ACET2
NKPKGGBA_02252,sp|P50614|MAP1_CLOPE,59.608,255,96,1,1,255,1,248,2.5499999999999997e-106,310.0,94.44444444444444,sp,P50614,MAP1_CLOPE
NKPKGGBA_02254,sp|A3DJJ6|IF1_ACET2,100.0,72,0,0,1,72,1,72,1.3500000000000001e-47,147.0,98.63013698630137,sp,A3DJJ6,IF1_ACET2
NKPKGGBA_02255,sp|A3DJJ7|RL36_ACET2,100.0,37,0,0,1,37,1,37,9.08e-19,72.8,97.36842105263158,sp,A3DJJ7,RL36_ACET2
NKPKGGBA_02256,sp|A3DJJ8|RS13_ACET2,100.0,123,0,0,1,123,1,123,3.74e-83,241.0,98.4,sp,A3DJJ8,RS13_ACET2
NKPKGGBA_02257,sp|A3DJJ9|RS11_ACET2,100.0,134,0,0,1,134,1,134,1.9199999999999998e-94,271.0,98.52941176470588,sp,A3DJJ9,RS11_ACET2
NKPKGGBA_02258,sp|A3DJK0|RS4_ACET2,100.0,208,0,0,1,208,1,208,4.82e-153,425.0,95.85253456221197,sp,A3DJK0,RS4_ACET2
NKPKGGBA_02259,sp|A3DJK1|RPOA_ACET2,99.683,315,1,0,1,315,1,315,0.0,631.0,90.51724137931035,sp,A3DJK1,RPOA_ACET2
NKPKGGBA_02260,sp|A3DJK2|RL17_ACET2,99.425,174,1,0,1,174,1,174,1.3799999999999999e-126,355.0,93.54838709677419,sp,A3DJK2,RL17_ACET2
NKPKGGBA_02261,sp|A3DJK3|ECFA1_ACET2,98.947,285,3,0,1,285,1,285,0.0,571.0,97.9381443298969,sp,A3DJK3,ECFA1_ACET2
NKPKGGBA_02271,sp|A3DJK5|ECFA2_ACET2,99.288,281,2,0,1,281,1,281,0.0,562.0,96.56357388316151,sp,A3DJK5,ECFA2_ACET2
NKPKGGBA_02272,sp|B8I813|ECFT_RUMCH,58.333,264,110,0,1,264,1,264,5.59e-119,344.0,87.70764119601328,sp,B8I813,ECFT_RUMCH
NKPKGGBA_02274,sp|A3DJK8|TRUA_ACET2,100.0,244,0,0,1,244,1,244,0.0,502.0,83.8487972508591,sp,A3DJK8,TRUA_ACET2
NKPKGGBA_02276,sp|Q8R7S6|ISPD_CALS4,54.795,219,99,0,10,228,4,222,2.74e-77,235.0,83.58778625954199,sp,Q8R7S6,ISPD_CALS4
NKPKGGBA_02281,sp|Q824F7|ISPF_CHLCV,51.613,155,74,1,2,155,17,171,3.14e-48,156.0,93.37349397590361,sp,Q824F7,ISPF_CHLCV
NKPKGGBA_02282,sp|A3DJL6|SYP_ACET2,99.65,572,2,0,1,572,1,572,0.0,1165.0,93.4640522875817,sp,A3DJL6,SYP_ACET2
NKPKGGBA_02283,sp|O31398|YKWD_BACSU,53.846,182,74,6,100,280,85,257,2.35e-53,177.0,100.0,sp,O31398,YKWD_BACSU
NKPKGGBA_02291,sp|A6TBX7|5DNU_KLEP7,51.562,192,91,1,14,203,2,193,6.47e-71,217.0,100.0,sp,A6TBX7,5DNU_KLEP7
NKPKGGBA_02293,sp|P94605|GYRA_CLOAB,62.683,820,301,1,7,826,2,816,0.0,1058.0,91.21245828698554,sp,P94605,GYRA_CLOAB
NKPKGGBA_02295,sp|A3DHY6|RSMG_ACET2,100.0,242,0,0,1,242,1,242,8.88e-175,483.0,100.0,sp,A3DHY6,RSMG_ACET2
NKPKGGBA_02296,sp|A3DHY7|MNMG_ACET2,100.0,630,0,0,1,630,1,630,0.0,1283.0,95.31013615733737,sp,A3DHY7,MNMG_ACET2
NKPKGGBA_02297,sp|A3DHY8|MNME_ACET2,100.0,459,0,0,1,459,1,459,0.0,907.0,91.8,sp,A3DHY8,MNME_ACET2
NKPKGGBA_02298,sp|D0VX24|KHPB_CLOSY,54.229,201,89,2,8,206,7,206,9.399999999999999e-67,207.0,97.10144927536231,sp,D0VX24,KHPB_CLOSY
NKPKGGBA_02300,sp|A3DHZ1|YIDD_ACET2,100.0,71,0,0,1,71,1,71,6.44e-48,148.0,94.66666666666667,sp,A3DHZ1,YIDD_ACET2
NKPKGGBA_02301,sp|A7GJP3|RNPA_CLOBL,51.429,105,50,1,7,110,6,110,1.82e-30,108.0,84.0,sp,A7GJP3,RNPA_CLOBL
NKPKGGBA_02302,sp|A3DHZ4|DNAA_ACET2,99.774,443,1,0,1,443,1,443,0.0,903.0,91.52892561983471,sp,A3DHZ4,DNAA_ACET2
NKPKGGBA_02305,sp|A3DHZ7|RECF_ACET2,100.0,369,0,0,1,369,1,369,0.0,746.0,92.9471032745592,sp,A3DHZ7,RECF_ACET2
NKPKGGBA_02307,sp|P94604|GYRB_CLOAB,67.93,633,198,4,11,641,8,637,0.0,895.0,91.47398843930635,sp,P94604,GYRB_CLOAB
NKPKGGBA_02308,sp|P37522|SOJ_BACSU,69.076,249,77,0,1,249,1,249,5.45e-132,376.0,89.89169675090253,sp,P37522,SOJ_BACSU
NKPKGGBA_02312,sp|A3DI04|SYS_ACET2,100.0,423,0,0,1,423,1,423,0.0,874.0,94.0,sp,A3DI04,SYS_ACET2
NKPKGGBA_02323,sp|O58411|PORC_PYRHO,50.0,168,84,0,4,171,1,168,5.98e-50,162.0,86.5979381443299,sp,O58411,PORC_PYRHO
NKPKGGBA_02324,sp|Q56316|PORD_THEMA,51.685,89,42,1,13,101,5,92,3.53e-28,100.0,100.0,sp,Q56316,PORD_THEMA
NKPKGGBA_02325,sp|O05651|PORA_THEMA,57.398,392,160,4,4,394,7,392,3.2999999999999997e-134,392.0,93.33333333333333,sp,O05651,PORA_THEMA
NKPKGGBA_02326,sp|Q56317|PORB_THEMA,53.651,315,137,5,1,307,1,314,1.03e-111,329.0,100.0,sp,Q56317,PORB_THEMA
NKPKGGBA_02332,sp|A3DI22|FTHS_ACET2,100.0,556,0,0,1,556,1,556,0.0,1127.0,87.83570300157977,sp,A3DI22,FTHS_ACET2
NKPKGGBA_02347,sp|A3DDP0|NUSB_ACET2,100.0,145,0,0,1,145,1,145,9.68e-103,293.0,92.35668789808918,sp,A3DDP0,NUSB_ACET2
NKPKGGBA_02348,sp|B8I3A9|EX7L_RUMCH,56.091,394,172,1,10,403,2,394,2.08e-159,457.0,83.82978723404256,sp,B8I3A9,EX7L_RUMCH
NKPKGGBA_02349,sp|B9DUT8|EX7S_STRU0,51.471,68,33,0,2,69,4,71,2.53e-14,64.3,87.17948717948718,sp,B9DUT8,EX7S_STRU0
NKPKGGBA_02350,sp|B1XJV9|CRTE_PICP2,50.34,294,141,3,6,298,13,302,2.62e-98,294.0,96.07843137254902,sp,B1XJV9,CRTE_PICP2
NKPKGGBA_02353,sp|Q0AZE2|DXS_SYNWW,55.916,617,261,3,1,611,5,616,0.0,725.0,95.36321483771252,sp,Q0AZE2,DXS_SYNWW
NKPKGGBA_02354,sp|P19672|YQXC_BACSU,55.926,270,115,3,2,268,4,272,1.96e-101,300.0,100.0,sp,P19672,YQXC_BACSU
NKPKGGBA_02356,sp|A3DDN1|GUND_ACET2,99.692,649,2,0,1,649,1,649,0.0,1348.0,94.46870451237264,sp,A3DDN1,GUND_ACET2
NKPKGGBA_02364,sp|A3DDM2|NADK_ACET2,100.0,289,0,0,1,289,1,289,0.0,576.0,97.96610169491525,sp,A3DDM2,NADK_ACET2
NKPKGGBA_02365,sp|A3DDM1|ARGR_ACET2,100.0,153,0,0,1,153,1,153,1.23e-109,311.0,94.44444444444444,sp,A3DDM1,ARGR_ACET2
NKPKGGBA_02368,sp|P52936|SP0A_CLOB8,61.905,273,99,2,1,268,1,273,5.3800000000000005e-118,342.0,97.15302491103202,sp,P52936,SP0A_CLOB8
NKPKGGBA_02373,sp|Q0AXB7|CHEB2_SYNWW,63.798,337,120,2,8,344,4,338,8.66e-159,451.0,87.76041666666666,sp,Q0AXB7,CHEB2_SYNWW
NKPKGGBA_02380,sp|A3DEU0|SYL_ACET2,100.0,825,0,0,1,825,1,825,0.0,1707.0,89.96728462377317,sp,A3DEU0,SYL_ACET2
NKPKGGBA_02384,sp|A3DEU4|NADD_ACET2,100.0,206,0,0,1,206,1,206,4.48e-151,420.0,84.42622950819673,sp,A3DEU4,NADD_ACET2
NKPKGGBA_02387,sp|Q9KF52|PUR2_HALH5,50.358,419,204,2,1,419,1,415,3.95e-148,430.0,88.58350951374207,sp,Q9KF52,PUR2_HALH5
NKPKGGBA_02388,sp|A3DEU9|PUR9_ACET2,99.805,514,1,0,1,514,1,514,0.0,1048.0,94.13919413919413,sp,A3DEU9,PUR9_ACET2
NKPKGGBA_02390,sp|A3DEV1|PUR5_ACET2,100.0,340,0,0,1,340,1,340,0.0,681.0,95.50561797752809,sp,A3DEV1,PUR5_ACET2
NKPKGGBA_02391,sp|O29388|PUR1_ARCFU,54.324,451,203,2,31,479,2,451,2.53e-178,511.0,87.06563706563706,sp,O29388,PUR1_ARCFU
NKPKGGBA_02392,sp|Q9UY68|PURE_PYRAB,62.264,159,60,0,10,168,7,165,8.809999999999999e-69,209.0,92.98245614035088,sp,Q9UY68,PURE_PYRAB
NKPKGGBA_02398,sp|P14002|BGLB_ACET2,100.0,755,0,0,1,755,1,755,0.0,1555.0,98.82198952879581,sp,P14002,BGLB_ACET2
NKPKGGBA_02403,sp|A6TVD3|PFKA_ALKMQ,57.944,321,133,2,4,324,1,319,1.98e-136,392.0,88.67403314917127,sp,A6TVD3,PFKA_ALKMQ
NKPKGGBA_02405,sp|C5D3E7|MTRB_GEOSW,76.471,68,16,0,8,75,3,70,1.18e-31,108.0,100.0,sp,C5D3E7,MTRB_GEOSW
NKPKGGBA_02407,sp|P18159|PGCA_BACSU,53.229,573,264,2,7,577,7,577,0.0,639.0,96.62731871838112,sp,P18159,PGCA_BACSU
NKPKGGBA_02433,sp|A3DKB6|SYA_ACET2,99.886,880,1,0,1,880,1,880,0.0,1798.0,89.61303462321793,sp,A3DKB6,SYA_ACET2
NKPKGGBA_02453,sp|A6TP80|ACR3_ALKMQ,79.714,350,71,0,1,350,1,350,0.0,560.0,98.0392156862745,sp,A6TP80,ACR3_ALKMQ
NKPKGGBA_02455,sp|Q8R841|GLMS_CALS4,66.283,608,204,1,1,607,1,608,0.0,840.0,85.75458392101551,sp,Q8R841,GLMS_CALS4
NKPKGGBA_02456,sp|A3DEL6|GLMM_ACET2,100.0,449,0,0,1,449,1,449,0.0,909.0,96.76724137931035,sp,A3DEL6,GLMM_ACET2
NKPKGGBA_02457,sp|Q05627|Y202_CLOB8,54.802,531,232,5,1,525,1,529,0.0,569.0,100.0,sp,Q05627,Y202_CLOB8
NKPKGGBA_02459,sp|Q45589|CDAA_BACSU,52.321,237,110,1,34,270,16,249,7.22e-81,248.0,97.53086419753086,sp,Q45589,CDAA_BACSU
NKPKGGBA_02474,sp|A3DEN2|SSPH_ACET2,100.0,64,0,0,1,64,1,64,8.919999999999999e-42,132.0,100.0,sp,A3DEN2,SSPH_ACET2
NKPKGGBA_02489,sp|Q3A9W4|OTC_CARHZ,64.238,302,108,0,4,305,10,311,1.11e-141,405.0,84.8314606741573,sp,Q3A9W4,OTC_CARHZ
NKPKGGBA_02490,sp|A5D508|CARB_PELTS,62.852,1066,389,4,1,1064,1,1061,0.0,1365.0,90.72340425531915,sp,A5D508,CARB_PELTS
NKPKGGBA_02492,sp|Q58131|ARGD_METJA,57.179,397,168,2,1,397,1,395,1.65e-158,454.0,87.63796909492274,sp,Q58131,ARGD_METJA
NKPKGGBA_02494,sp|A3DGK6|ARGB_ACET2,100.0,304,0,0,1,304,1,304,0.0,599.0,98.38187702265373,sp,A3DGK6,ARGB_ACET2
NKPKGGBA_02495,sp|A3DGK5|ARGC_ACET2,99.711,346,1,0,1,346,1,346,0.0,707.0,94.79452054794521,sp,A3DGK5,ARGC_ACET2
NKPKGGBA_02496,sp|P94360|MSMX_BACSU,64.674,368,126,1,1,368,1,364,1.45e-168,478.0,94.84536082474226,sp,P94360,MSMX_BACSU
NKPKGGBA_02498,sp|O34814|FTSE_BACSU,57.589,224,95,0,1,224,1,224,1.11e-96,284.0,91.80327868852459,sp,O34814,FTSE_BACSU
NKPKGGBA_02505,sp|P62171|CSPC_BACCR,79.365,63,13,0,3,65,2,64,4.22e-32,108.0,91.30434782608695,sp,P62171,CSPC_BACCR
NKPKGGBA_02506,sp|A3DGJ4|HSLO_ACET2,100.0,296,0,0,1,296,1,296,0.0,609.0,97.04918032786885,sp,A3DGJ4,HSLO_ACET2
NKPKGGBA_02515,sp|P32113|COPA_ENTHA,56.612,726,294,8,20,738,12,723,0.0,800.0,88.10679611650485,sp,P32113,COPA_ENTHA
NKPKGGBA_02518,sp|A3DGI7|METAA_ACET2,100.0,305,0,0,1,305,1,305,0.0,636.0,89.70588235294117,sp,A3DGI7,METAA_ACET2
NKPKGGBA_02521,sp|Q9WZY4|METY_THEMA,65.268,429,145,4,1,427,1,427,0.0,566.0,96.40449438202248,sp,Q9WZY4,METY_THEMA
NKPKGGBA_02523,sp|P9WP55|CYSK_MYCTU,67.752,307,97,1,4,310,3,307,1.6999999999999998e-138,397.0,83.65122615803816,sp,P9WP55,CYSK_MYCTU
NKPKGGBA_02531,sp|A3DE27|MURG_ACET2,100.0,369,0,0,1,369,1,369,0.0,746.0,95.10309278350515,sp,A3DE27,MURG_ACET2
NKPKGGBA_02533,sp|A3DE29|MRAY_ACET2,99.695,328,1,0,1,328,3,330,0.0,649.0,89.61748633879782,sp,A3DE29,MRAY_ACET2
NKPKGGBA_02535,sp|Q8R9G2|MURE_CALS4,52.292,480,227,2,1,479,1,479,6.6e-174,500.0,90.3954802259887,sp,Q8R9G2,MURE_CALS4
NKPKGGBA_02538,sp|A3DE34|RSMH_ACET2,99.681,313,1,0,1,313,1,313,0.0,632.0,93.7125748502994,sp,A3DE34,RSMH_ACET2
NKPKGGBA_02539,sp|A3DE35|MRAZ_ACET2,99.301,143,1,0,2,144,1,143,1.57e-102,292.0,88.27160493827161,sp,A3DE35,MRAZ_ACET2
NKPKGGBA_02549,sp|A3DE43|RBFA_ACET2,99.187,123,1,0,1,123,1,123,6.17e-84,243.0,89.78102189781022,sp,A3DE43,RBFA_ACET2
NKPKGGBA_02550,sp|A3DE44|IF2_ACET2,99.71,1035,3,0,12,1046,1,1035,0.0,2072.0,100.0,sp,A3DE44,IF2_ACET2
NKPKGGBA_02552,sp|P32728|YLXR_BACSU,52.5,80,38,0,2,81,3,82,8.86e-22,84.3,100.0,sp,P32728,YLXR_BACSU
NKPKGGBA_02553,sp|Q9KA74|NUSA_HALH5,63.743,342,124,0,1,342,1,342,2.4800000000000004e-163,466.0,81.81818181818183,sp,Q9KA74,NUSA_HALH5
NKPKGGBA_02554,sp|A3DE48|RIMP_ACET2,100.0,154,0,0,1,154,1,154,2.0199999999999999e-106,303.0,96.85534591194968,sp,A3DE48,RIMP_ACET2
NKPKGGBA_02556,sp|Q8XJR3|DPO3_CLOPE,57.06,1381,559,11,85,1442,80,1449,0.0,1608.0,93.3108108108108,sp,Q8XJR3,DPO3_CLOPE
NKPKGGBA_02557,sp|B8I6E1|ISPG_RUMCH,71.51,351,100,0,2,352,3,353,0.0,512.0,86.24078624078624,sp,B8I6E1,ISPG_RUMCH
NKPKGGBA_02559,sp|A3DE52|DXR_ACET2,100.0,381,0,0,1,381,1,381,0.0,771.0,87.78801843317973,sp,A3DE52,DXR_ACET2
NKPKGGBA_02561,sp|Q8RA26|ISPT_CALS4,57.447,235,100,0,18,252,13,247,3.35e-101,297.0,91.43968871595331,sp,Q8RA26,ISPT_CALS4
NKPKGGBA_02563,sp|A3DE56|RRF_ACET2,99.454,183,1,0,1,183,1,183,2.6599999999999998e-126,355.0,99.45652173913044,sp,A3DE56,RRF_ACET2
NKPKGGBA_02564,sp|A3DE57|PYRH_ACET2,100.0,235,0,0,1,235,1,235,3.69e-173,478.0,96.70781893004116,sp,A3DE57,PYRH_ACET2
NKPKGGBA_02567,sp|A3DFA0|XG74_ACET2,100.0,842,0,0,1,842,1,842,0.0,1713.0,100.0,sp,A3DFA0,XG74_ACET2
NKPKGGBA_02570,sp|Q31I88|PSTB_HYDCU,50.0,54,26,1,1,53,74,127,9.28e-11,57.8,84.375,sp,Q31I88,PSTB_HYDCU
NKPKGGBA_02573,sp|A3DF94|LEU1_ACET2,100.0,511,0,0,1,511,1,511,0.0,1041.0,89.33566433566433,sp,A3DF94,LEU1_ACET2
NKPKGGBA_02576,sp|Q7BVT7|YERC_BACSU,62.222,90,34,0,4,93,5,94,2.19e-35,119.0,100.0,sp,Q7BVT7,YERC_BACSU
NKPKGGBA_02579,sp|A3DF88|SECA_ACET2,100.0,910,0,0,1,910,1,910,0.0,1877.0,91.18236472945893,sp,A3DF88,SECA_ACET2
NKPKGGBA_02587,sp|A3DF80|Y1377_ACET2,100.0,147,0,0,1,147,1,147,3.08e-103,294.0,100.0,sp,A3DF80,Y1377_ACET2
NKPKGGBA_02589,sp|P94417|AK3_BACSU,61.024,449,175,0,1,449,1,449,0.0,578.0,88.56015779092702,sp,P94417,AK3_BACSU
NKPKGGBA_02593,sp|O31526|YESW_BACSU,62.199,582,198,8,256,817,39,618,0.0,748.0,97.16193656093489,sp,O31526,YESW_BACSU
NKPKGGBA_02595,sp|O32219|CADA_BACSU,59.83,707,270,4,5,706,4,701,0.0,837.0,82.98122065727699,sp,O32219,CADA_BACSU
NKPKGGBA_02602,sp|P23171|YRUB_CLOPA,54.286,70,32,0,5,74,4,73,7.339999999999999e-24,88.2,84.33734939759037,sp,P23171,YRUB_CLOPA
NKPKGGBA_02603,sp|O31826|YNGI_BACSU,51.188,547,265,2,293,838,4,549,0.0,588.0,83.00455235204855,sp,O31826,YNGI_BACSU
NKPKGGBA_02624,sp|B9K7M6|CBPA_THENN,74.047,813,209,2,1,811,1,813,0.0,1307.0,96.55581947743468,sp,B9K7M6,CBPA_THENN
NKPKGGBA_02631,sp|A4J4I4|GLGA_DESRM,55.346,477,213,0,4,480,1,477,0.0,566.0,90.17013232514176,sp,A4J4I4,GLGA_DESRM
NKPKGGBA_02634,sp|O14254|IDHP_SCHPO,57.25,400,167,3,3,399,34,432,1.52e-167,479.0,95.01187648456056,sp,O14254,IDHP_SCHPO
NKPKGGBA_02641,sp|P37512|YYAL_BACSU,51.395,681,315,7,1,670,1,676,0.0,733.0,93.28767123287672,sp,P37512,YYAL_BACSU
NKPKGGBA_02655,sp|A3DC20|RSGI9_ACET2,99.717,707,2,0,1,707,1,707,0.0,1419.0,100.0,sp,A3DC20,RSGI9_ACET2
NKPKGGBA_02657,sp|A3DC22|PROA_ACET2,99.768,431,1,0,1,431,1,431,0.0,882.0,96.20535714285714,sp,A3DC22,PROA_ACET2
NKPKGGBA_02662,sp|A3DC27|RSGI2_ACET2,100.0,671,0,0,8,678,1,671,0.0,1323.0,99.4074074074074,sp,A3DC27,RSGI2_ACET2
NKPKGGBA_02663,sp|A3DC28|SIGI2_ACET2,100.0,265,0,0,1,265,1,265,0.0,534.0,100.0,sp,A3DC28,SIGI2_ACET2
NKPKGGBA_02664,sp|A3DC29|GUNA_ACET2,100.0,477,0,0,1,477,1,477,0.0,987.0,100.0,sp,A3DC29,GUNA_ACET2
NKPKGGBA_02668,sp|Q67MT5|RF3_SYMTH,62.808,527,194,2,3,529,2,526,0.0,682.0,98.87429643527204,sp,Q67MT5,RF3_SYMTH
NKPKGGBA_02671,sp|P70976|YBAJ_BACSU,53.03,66,31,0,1,66,30,95,1.64e-15,73.2,100.0,sp,P70976,YBAJ_BACSU
NKPKGGBA_02682,sp|Q46507|HNDC_SOLFR,65.702,484,164,2,113,596,9,490,0.0,681.0,80.2653399668325,sp,Q46507,HNDC_SOLFR
NKPKGGBA_02683,sp|Q46508|HNDD_SOLFR,51.613,589,267,6,1,577,1,583,0.0,590.0,100.0,sp,Q46508,HNDD_SOLFR
NKPKGGBA_02685,sp|O34962|MAO4_BACSU,64.194,391,139,1,1,390,1,391,1.59e-172,490.0,85.0,sp,O34962,MAO4_BACSU
NKPKGGBA_02686,sp|Q7X5C9|LDH_THESW,52.903,310,142,2,8,315,2,309,3.13e-111,328.0,94.22492401215806,sp,Q7X5C9,LDH_THESW
NKPKGGBA_02689,sp|O83668|ALF_TREPA,57.055,326,119,6,3,309,9,332,1.43e-121,354.0,88.8283378746594,sp,O83668,ALF_TREPA
NKPKGGBA_02702,sp|A3DGF4|URED_ACET2,100.0,262,0,0,1,262,1,262,0.0,540.0,98.12734082397003,sp,A3DGF4,URED_ACET2
NKPKGGBA_02703,sp|B6JPH1|UREG_HELP2,79.695,197,40,0,4,200,2,198,1.85e-115,329.0,93.80952380952381,sp,B6JPH1,UREG_HELP2
NKPKGGBA_02705,sp|A3DGF7|UREE_ACET2,97.6,125,3,0,2,126,29,153,8.58e-89,257.0,96.15384615384616,sp,A3DGF7,UREE_ACET2
NKPKGGBA_02707,sp|A3DGF8|URE1_ACET2,99.825,572,1,0,1,572,1,572,0.0,1172.0,95.33333333333334,sp,A3DGF8,URE1_ACET2
NKPKGGBA_02708,sp|A3DGF9|URE2_ACET2,100.0,122,0,0,1,122,1,122,2.17e-86,249.0,96.06299212598425,sp,A3DGF9,URE2_ACET2
NKPKGGBA_02709,sp|A3DGG0|URE3_ACET2,100.0,100,0,0,1,100,1,100,5.92e-69,204.0,100.0,sp,A3DGG0,URE3_ACET2
NKPKGGBA_02727,sp|P39456|TCYC_BACSU,54.651,258,98,5,3,257,1,242,2.11e-88,265.0,95.55555555555556,sp,P39456,TCYC_BACSU
NKPKGGBA_02744,sp|O05404|SIGV_BACSU,55.862,145,64,0,19,163,18,162,1.2500000000000001e-58,183.0,85.79881656804734,sp,O05404,SIGV_BACSU
NKPKGGBA_02754,sp|A3DH20|ADDB_ACET2,99.825,1146,2,0,1,1146,1,1146,0.0,2359.0,89.74158183241974,sp,A3DH20,ADDB_ACET2
NKPKGGBA_02755,sp|A3DH19|ADDA_ACET2,99.68,1251,4,0,1,1251,1,1251,0.0,2561.0,88.91257995735607,sp,A3DH19,ADDA_ACET2
NKPKGGBA_02766,sp|A3DFC2|MNTP_ACET2,100.0,198,0,0,1,198,1,198,5.27e-140,391.0,93.39622641509435,sp,A3DFC2,MNTP_ACET2
NKPKGGBA_02772,sp|Q8R9M9|TRPB_CALS4,70.513,390,115,0,3,392,2,391,0.0,580.0,97.2568578553616,sp,Q8R9M9,TRPB_CALS4
NKPKGGBA_02788,sp|P52878|SERC_METBF,71.816,369,104,0,1,369,1,369,0.0,566.0,98.4,sp,P52878,SERC_METBF
NKPKGGBA_02801,sp|Q8R8M4|UVRB_CALS4,75.988,658,156,1,1,658,1,656,0.0,1055.0,94.81268011527378,sp,Q8R8M4,UVRB_CALS4
NKPKGGBA_02803,sp|Q8XNI5|UVRA_CLOPE,65.815,939,319,2,3,940,2,939,0.0,1311.0,96.0122699386503,sp,Q8XNI5,UVRA_CLOPE
NKPKGGBA_02816,sp|C4LYI2|HIT_ENTH1,50.467,107,47,3,2,106,3,105,4.47e-31,109.0,92.24137931034483,sp,C4LYI2,HIT_ENTH1
NKPKGGBA_02829,sp|Q9TM05|CLPC_CYACA,56.988,644,253,7,145,767,193,833,0.0,732.0,81.41592920353983,sp,Q9TM05,CLPC_CYACA
NKPKGGBA_02832,sp|A3DC74|SIGI3_ACET2,100.0,249,0,0,1,249,1,249,1.3e-180,498.0,96.51162790697676,sp,A3DC74,SIGI3_ACET2
NKPKGGBA_02833,sp|A3DC75|RSGI3_ACET2,100.0,644,0,0,1,644,1,644,0.0,1324.0,100.0,sp,A3DC75,RSGI3_ACET2
NKPKGGBA_02841,sp|Q8XJ42|SYV_CLOPE,64.699,881,310,1,1,881,1,880,0.0,1216.0,84.5489443378119,sp,Q8XJ42,SYV_CLOPE
NKPKGGBA_02855,sp|P37521|YYAC_BACSU,50.0,140,68,1,36,173,43,182,4.09e-41,140.0,100.0,sp,P37521,YYAC_BACSU
NKPKGGBA_02862,sp|Q06851|CIPA_ACET2,92.442,1032,69,3,1,1025,1,1030,0.0,1769.0,100.0,sp,Q06851,CIPA_ACET2
NKPKGGBA_02864,sp|A3DJP3|SIGI8_ACET2,100.0,254,0,0,1,254,1,254,0.0,507.0,100.0,sp,A3DJP3,SIGI8_ACET2
NKPKGGBA_02865,sp|A3DJP2|RSGI8_ACET2,98.015,403,8,0,2,404,1,403,0.0,763.0,100.0,sp,A3DJP2,RSGI8_ACET2
NKPKGGBA_02866,sp|A3DJP1|SFSA_ACET2,99.571,233,1,0,1,233,1,233,3.36e-169,468.0,90.6614785992218,sp,A3DJP1,SFSA_ACET2
NKPKGGBA_02876,sp|P24136|OPPD_BACSU,57.68,319,131,3,5,321,7,323,4.08e-124,363.0,90.36827195467421,sp,P24136,OPPD_BACSU
NKPKGGBA_02877,sp|P42065|APPF_BACSU,56.881,327,137,3,15,338,2,327,3.81e-136,393.0,89.34426229508196,sp,P42065,APPF_BACSU
NKPKGGBA_02880,sp|Q06852|SLAP1_ACET2,99.55,222,1,0,1,222,2092,2313,5.13e-155,478.0,100.0,sp,Q06852,SLAP1_ACET2
NKPKGGBA_02881,sp|Q06853|SLAP2_ACET2,100.0,603,0,0,1,603,1,603,0.0,1212.0,100.0,sp,Q06853,SLAP2_ACET2
NKPKGGBA_02886,sp|P50840|YPSC_BACSU,53.083,373,172,2,1,371,1,372,1.8e-137,400.0,89.44844124700239,sp,P50840,YPSC_BACSU
NKPKGGBA_02888,sp|A3DK03|AROA_ACET2,100.0,423,0,0,1,423,1,423,0.0,866.0,94.0,sp,A3DK03,AROA_ACET2
NKPKGGBA_02895,sp|A3DK09|PURA_ACET2,100.0,424,0,0,1,424,1,424,0.0,864.0,95.92760180995475,sp,A3DK09,PURA_ACET2
NKPKGGBA_02901,sp|O34319|YKCC_BACSU,64.61,308,109,0,1,308,1,308,9.76e-151,429.0,93.90243902439023,sp,O34319,YKCC_BACSU
NKPKGGBA_02907,sp|A3DK16|DAPF_ACET2,100.0,280,0,0,1,280,1,280,0.0,573.0,89.171974522293,sp,A3DK16,DAPF_ACET2
NKPKGGBA_02908,sp|A3DK17|DAPAT_ACET2,100.0,410,0,0,1,410,1,410,0.0,843.0,97.85202863961814,sp,A3DK17,DAPAT_ACET2
NKPKGGBA_02912,sp|A3DK21|QUEC_ACET2,100.0,222,0,0,1,222,1,222,2.41e-163,452.0,89.87854251012146,sp,A3DK21,QUEC_ACET2
NKPKGGBA_02918,sp|A3DCC8|LARC_ACET2,100.0,407,0,0,1,407,1,407,0.0,830.0,95.99056603773585,sp,A3DCC8,LARC_ACET2
NKPKGGBA_02919,sp|F9UST0|LARB_LACPL,59.336,241,98,0,8,248,6,246,1.85e-94,280.0,93.4108527131783,sp,F9UST0,LARB_LACPL
NKPKGGBA_02922,sp|Q0SR12|RF2_CLOPS,59.184,343,139,1,4,346,23,364,7.59e-153,437.0,93.71584699453553,sp,Q0SR12,RF2_CLOPS
NKPKGGBA_02924,sp|Q795M6|YUGH_BACSU,53.316,377,176,0,11,387,9,385,1.55e-151,436.0,85.4875283446712,sp,Q795M6,YUGH_BACSU
NKPKGGBA_02925,sp|O05236|YUGG_BACSU,55.556,153,67,1,3,154,9,161,5.509999999999999e-54,171.0,100.0,sp,O05236,YUGG_BACSU
NKPKGGBA_02928,sp|P0A4L2|THIO1_NOSSO,50.495,101,50,0,9,109,7,107,5.02e-38,126.0,87.82608695652175,sp,P0A4L2,THIO1_NOSSO
NKPKGGBA_02967,sp|P94388|CAH_BACSU,57.413,317,134,1,3,319,2,317,1.6100000000000001e-121,354.0,100.0,sp,P94388,CAH_BACSU
NKPKGGBA_02970,sp|A3DJX6|KPTA_ACET2,99.441,179,1,0,1,179,4,182,1.88e-130,365.0,93.717277486911,sp,A3DJX6,KPTA_ACET2
NKPKGGBA_02994,sp|P24200|MCRA_ECOLI,50.725,69,34,0,187,255,188,256,1.63e-19,89.0,100.0,sp,P24200,MCRA_ECOLI
NKPKGGBA_03050,sp|P59696|T200_SALTY,63.816,152,55,0,1,152,1,152,1.9700000000000002e-71,214.0,100.0,sp,P59696,T200_SALTY
